{
  "type": "FeatureCollection",
  "features": [
    {
      "type": "Feature",
      "geometry": {
        "type": "Point",
        "coordinates": [
          -1.1791981794712252,
          47.461248846626795
        ]
      },
      "properties": {
        "id": "cd44-undefined",
        "source": "CD44",
        "gestionnaire": "CD44",
        "route": "D923 / Pouillé-les-Côteaux",
        "commune": "Maumusson / Pouillé-les-Côteaux",
        "type_coupure": "Aménagement de chaussée",
        "cause": "Chantier",
        "priorite": "Moyenne",
        "statut": "Actif",
        "description": "Aménagement de chaussée",
        "date_heure": "07-09-2026 20:00:56 +0200"
      }
    },
    {
      "type": "Feature",
      "geometry": {
        "type": "Point",
        "coordinates": [
          -1.2395740061704403,
          47.485425816830244
        ]
      },
      "properties": {
        "id": "cd44-undefined",
        "source": "CD44",
        "gestionnaire": "CD44",
        "route": "D18 / Pannecé",
        "commune": "Commune",
        "type_coupure": "Tous les véhicules",
        "cause": "Déviation",
        "priorite": "Moyenne",
        "statut": "Actif",
        "description": "Déviation",
        "date_heure": "07-09-2026 20:00:56 +0200"
      }
    },
    {
      "type": "Feature",
      "geometry": {
        "type": "Point",
        "coordinates": [
          -1.1470907934606076,
          47.48652828211911
        ]
      },
      "properties": {
        "id": "cd44-undefined",
        "source": "CD44",
        "gestionnaire": "CD44",
        "route": "- D18 / Pannecé",
        "commune": "Commune",
        "type_coupure": "Tous les véhicules",
        "cause": "Déviation",
        "priorite": "Moyenne",
        "statut": "Actif",
        "description": "Déviation",
        "date_heure": "07-09-2026 20:00:56 +0200"
      }
    },
    {
      "type": "Feature",
      "geometry": {
        "type": "Point",
        "coordinates": [
          -1.0283343978011856,
          47.46788646988751
        ]
      },
      "properties": {
        "id": "cd44-undefined",
        "source": "CD44",
        "gestionnaire": "CD44",
        "route": "- D723 / Vair-sur-Loire",
        "commune": "Commune",
        "type_coupure": "Tous les véhicules",
        "cause": "Déviation",
        "priorite": "Moyenne",
        "statut": "Actif",
        "description": "Déviation",
        "date_heure": "07-09-2026 20:00:56 +0200"
      }
    },
    {
      "type": "Feature",
      "geometry": {
        "type": "Point",
        "coordinates": [
          -1.0837515063381788,
          47.58268273815511
        ]
      },
      "properties": {
        "id": "cd44-undefined",
        "source": "CD44",
        "gestionnaire": "CD44",
        "route": "D32 / Vritz",
        "commune": "Vritz / Le Pin",
        "type_coupure": "Autres",
        "cause": "Chantier",
        "priorite": "Moyenne",
        "statut": "Actif",
        "description": "Autres",
        "date_heure": "07-09-2026 09:23:56 +0200"
      }
    },
    {
      "type": "Feature",
      "geometry": {
        "type": "Point",
        "coordinates": [
          -1.0811959655048027,
          47.58273898309192
        ]
      },
      "properties": {
        "id": "cd44-undefined",
        "source": "CD44",
        "gestionnaire": "CD44",
        "route": "Autres / D134 / Vritz",
        "commune": "Commune",
        "type_coupure": "Tous les véhicules",
        "cause": "Déviation",
        "priorite": "Moyenne",
        "statut": "Actif",
        "description": "Déviation",
        "date_heure": "07-09-2026 09:23:56 +0200"
      }
    },
    {
      "type": "Feature",
      "geometry": {
        "type": "Point",
        "coordinates": [
          -1.3343887460986776,
          47.43018444457572
        ]
      },
      "properties": {
        "id": "cd44-undefined",
        "source": "CD44",
        "gestionnaire": "CD44",
        "route": "D9 / Mouzeil",
        "commune": "Mouzeil / Ligné",
        "type_coupure": "Réfection de chaussée",
        "cause": "Chantier",
        "priorite": "Moyenne",
        "statut": "Actif",
        "description": "Travaux de réfection de chaussée",
        "date_heure": "07-09-2026 09:00:56 +0200"
      }
    },
    {
      "type": "Feature",
      "geometry": {
        "type": "Point",
        "coordinates": [
          -1.3756513319272592,
          47.41094865289247
        ]
      },
      "properties": {
        "id": "cd44-undefined",
        "source": "CD44",
        "gestionnaire": "CD44",
        "route": "Travaux de réfection de chaussée",
        "commune": "Commune",
        "type_coupure": "Tous les véhicules",
        "cause": "Déviation",
        "priorite": "Moyenne",
        "statut": "Actif",
        "description": "Déviation",
        "date_heure": "07-09-2026 09:00:56 +0200"
      }
    },
    {
      "type": "Feature",
      "geometry": {
        "type": "Point",
        "coordinates": [
          -1.3656306842401704,
          47.182827066401856
        ]
      },
      "properties": {
        "id": "cd44-undefined",
        "source": "CD44",
        "gestionnaire": "CD44",
        "route": "D135 / La Chapelle-Heulin",
        "commune": "La Chapelle-Heulin / Haute-Goulaine",
        "type_coupure": "Manifestation sportive",
        "cause": "Chantier",
        "priorite": "Moyenne",
        "statut": "Actif",
        "description": "Course cycliste",
        "date_heure": "07-09-2026 08:25:54 +0200"
      }
    },
    {
      "type": "Feature",
      "geometry": {
        "type": "Point",
        "coordinates": [
          -2.395796085698658,
          47.34890211811484
        ]
      },
      "properties": {
        "id": "cd44-undefined",
        "source": "CD44",
        "gestionnaire": "CD44",
        "route": "D51 / Guérande",
        "commune": "Saint-Lyphard / Guérande",
        "type_coupure": "Aménagement de chaussée",
        "cause": "Chantier",
        "priorite": "Moyenne",
        "statut": "Actif",
        "description": "Aménagement de chaussée",
        "date_heure": "07-09-2026 07:30:56 +0200"
      }
    },
    {
      "type": "Feature",
      "geometry": {
        "type": "Point",
        "coordinates": [
          -1.245109176322205,
          47.52579170943376
        ]
      },
      "properties": {
        "id": "cd44-undefined",
        "source": "CD44",
        "gestionnaire": "CD44",
        "route": "D33 / Bonnoeuvre",
        "commune": "Bonnoeuvre / Riaillé",
        "type_coupure": "Aménagement de chaussée",
        "cause": "Chantier",
        "priorite": "Moyenne",
        "statut": "Actif",
        "description": "Aménagement de chaussée",
        "date_heure": "02-09-2026 12:07:51 +0200"
      }
    },
    {
      "type": "Feature",
      "geometry": {
        "type": "Point",
        "coordinates": [
          -1.2914258407858576,
          47.516084773412516
        ]
      },
      "properties": {
        "id": "cd44-undefined",
        "source": "CD44",
        "gestionnaire": "CD44",
        "route": "Aménagement de chaussée",
        "commune": "Commune",
        "type_coupure": "Tous les véhicules",
        "cause": "Déviation",
        "priorite": "Moyenne",
        "statut": "Actif",
        "description": "Déviation",
        "date_heure": "02-09-2026 12:07:40 +0200"
      }
    },
    {
      "type": "Feature",
      "geometry": {
        "type": "Point",
        "coordinates": [
          -1.238571516698477,
          47.52772057135582
        ]
      },
      "properties": {
        "id": "cd44-undefined",
        "source": "CD44",
        "gestionnaire": "CD44",
        "route": "D26 / Saint-Sulpice-des-Landes",
        "commune": "Commune",
        "type_coupure": "Tous les véhicules",
        "cause": "Déviation",
        "priorite": "Moyenne",
        "statut": "Actif",
        "description": "Déviation",
        "date_heure": "02-09-2026 12:07:36 +0200"
      }
    },
    {
      "type": "Feature",
      "geometry": {
        "type": "Point",
        "coordinates": [
          -1.6750158782574214,
          46.96032346284221
        ]
      },
      "properties": {
        "id": "cd44-undefined",
        "source": "CD44",
        "gestionnaire": "CD44",
        "route": "Travaux de réfection de chaussée",
        "commune": "Commune",
        "type_coupure": "Tous les véhicules",
        "cause": "Déviation",
        "priorite": "Moyenne",
        "statut": "Actif",
        "description": "Déviation",
        "date_heure": "31-08-2026 08:00:56 +0200"
      }
    },
    {
      "type": "Feature",
      "geometry": {
        "type": "Point",
        "coordinates": [
          -1.6746200176531443,
          46.96158323819574
        ]
      },
      "properties": {
        "id": "cd44-undefined",
        "source": "CD44",
        "gestionnaire": "CD44",
        "route": "D263 / Corcoué-sur-Logne",
        "commune": "Saint-Etienne / Corcoué",
        "type_coupure": "Réfection de chaussée",
        "cause": "Chantier",
        "priorite": "Moyenne",
        "statut": "Actif",
        "description": "Travaux de réfection de chaussée",
        "date_heure": "31-08-2026 08:00:56 +0200"
      }
    },
    {
      "type": "Feature",
      "geometry": {
        "type": "Point",
        "coordinates": [
          -1.815084336208852,
          47.057391003098644
        ]
      },
      "properties": {
        "id": "cd44-undefined",
        "source": "CD44",
        "gestionnaire": "CD44",
        "route": "Travaux de réfection de chaussée -",
        "commune": "Commune",
        "type_coupure": "Tous les véhicules",
        "cause": "Déviation",
        "priorite": "Moyenne",
        "statut": "Actif",
        "description": "Déviation",
        "date_heure": "27-08-2026 15:36:35 +0200"
      }
    },
    {
      "type": "Feature",
      "geometry": {
        "type": "Point",
        "coordinates": [
          -1.3654399393542356,
          47.18277935069071
        ]
      },
      "properties": {
        "id": "cd44-undefined",
        "source": "CD44",
        "gestionnaire": "CD44",
        "route": "D135 / La Chapelle-Heulin",
        "commune": "La Chapelle-Heulin / Haute-Goulaine",
        "type_coupure": "Autres",
        "cause": "Chantier",
        "priorite": "Moyenne",
        "statut": "Actif",
        "description": "Autres",
        "date_heure": "26-08-2026 16:46:44 +0200"
      }
    },
    {
      "type": "Feature",
      "geometry": {
        "type": "Point",
        "coordinates": [
          -1.1868983856634412,
          47.03808920880738
        ]
      },
      "properties": {
        "id": "cd44-undefined",
        "source": "CD44",
        "gestionnaire": "CD44",
        "route": "D60 / Boussay",
        "commune": "Boussay / Gétigné",
        "type_coupure": "Ouvrage d'art",
        "cause": "Chantier",
        "priorite": "Moyenne",
        "statut": "Actif",
        "description": "Travaux sur ouvrage d'art",
        "date_heure": "26-08-2026 16:46:34 +0200"
      }
    },
    {
      "type": "Feature",
      "geometry": {
        "type": "Point",
        "coordinates": [
          -1.798118291272032,
          47.079441217655855
        ]
      },
      "properties": {
        "id": "cd44-undefined",
        "source": "CD44",
        "gestionnaire": "CD44",
        "route": "Aménagement de chaussée / D264",
        "commune": "Commune",
        "type_coupure": "VL + car",
        "cause": "Déviation",
        "priorite": "Moyenne",
        "statut": "Actif",
        "description": "Déviation",
        "date_heure": "24-08-2026 18:52:39 +0200"
      }
    },
    {
      "type": "Feature",
      "geometry": {
        "type": "Point",
        "coordinates": [
          -1.8321864573417643,
          47.12746899249419
        ]
      },
      "properties": {
        "id": "cd44-undefined",
        "source": "CD44",
        "gestionnaire": "CD44",
        "route": "Aménagement de chaussée / D61",
        "commune": "Commune",
        "type_coupure": "VL + car",
        "cause": "Déviation",
        "priorite": "Moyenne",
        "statut": "Actif",
        "description": "Déviation",
        "date_heure": "24-08-2026 18:52:36 +0200"
      }
    },
    {
      "type": "Feature",
      "geometry": {
        "type": "Point",
        "coordinates": [
          -1.7553041048130067,
          47.13097416156966
        ]
      },
      "properties": {
        "id": "cd44-undefined",
        "source": "CD44",
        "gestionnaire": "CD44",
        "route": "Aménagement de chaussée / D13",
        "commune": "Commune",
        "type_coupure": "PL",
        "cause": "Déviation",
        "priorite": "Moyenne",
        "statut": "Actif",
        "description": "Déviation",
        "date_heure": "24-08-2026 18:52:32 +0200"
      }
    },
    {
      "type": "Feature",
      "geometry": {
        "type": "Point",
        "coordinates": [
          -1.798997458856837,
          47.10332865406768
        ]
      },
      "properties": {
        "id": "cd44-undefined",
        "source": "CD44",
        "gestionnaire": "CD44",
        "route": "D95 / Sainte-Pazanne",
        "commune": "Port-Saint-Père / Sainte-Pazanne",
        "type_coupure": "Aménagement de chaussée",
        "cause": "Chantier",
        "priorite": "Moyenne",
        "statut": "Actif",
        "description": "Aménagement de chaussée",
        "date_heure": "24-08-2026 18:52:28 +0200"
      }
    },
    {
      "type": "Feature",
      "geometry": {
        "type": "Point",
        "coordinates": [
          -1.9773513555855509,
          47.11116569265209
        ]
      },
      "properties": {
        "id": "cd44-undefined",
        "source": "CD44",
        "gestionnaire": "CD44",
        "route": "Aménagement de chaussée / D751",
        "commune": "Commune",
        "type_coupure": "PL",
        "cause": "Déviation",
        "priorite": "Moyenne",
        "statut": "Actif",
        "description": "Déviation",
        "date_heure": "24-08-2026 18:52:25 +0200"
      }
    },
    {
      "type": "Feature",
      "geometry": {
        "type": "Point",
        "coordinates": [
          -1.8206670108592942,
          47.02586723466425
        ]
      },
      "properties": {
        "id": "cd44-undefined",
        "source": "CD44",
        "gestionnaire": "CD44",
        "route": "D61 / Sainte-Pazanne",
        "commune": "Commune",
        "type_coupure": "VL",
        "cause": "Déviation",
        "priorite": "Moyenne",
        "statut": "Actif",
        "description": "Déviation",
        "date_heure": "24-08-2026 18:16:15 +0200"
      }
    },
    {
      "type": "Feature",
      "geometry": {
        "type": "Point",
        "coordinates": [
          -1.8152770777615193,
          47.03954833274025
        ]
      },
      "properties": {
        "id": "cd44-undefined",
        "source": "CD44",
        "gestionnaire": "CD44",
        "route": "D95 / Machecoul-Saint-Même",
        "commune": "Sainte-Pazanne / Machecoul",
        "type_coupure": "Réfection de chaussée",
        "cause": "Chantier",
        "priorite": "Moyenne",
        "statut": "Actif",
        "description": "Travaux de réfection de chaussée",
        "date_heure": "24-08-2026 18:15:37 +0200"
      }
    },
    {
      "type": "Feature",
      "geometry": {
        "type": "Point",
        "coordinates": [
          -1.0381183650767019,
          47.400263998364295
        ]
      },
      "properties": {
        "id": "cd44-undefined",
        "source": "CD44",
        "gestionnaire": "CD44",
        "route": "D28 / Loireauxence",
        "commune": "Loireauxence / Vair-sur-Loire",
        "type_coupure": "Tranchée / raccordement",
        "cause": "Chantier",
        "priorite": "Moyenne",
        "statut": "Actif",
        "description": "Travaux sur réseaux",
        "date_heure": "24-08-2026 08:00:56 +0200"
      }
    },
    {
      "type": "Feature",
      "geometry": {
        "type": "Point",
        "coordinates": [
          -1.0350788371691797,
          47.38670955390413
        ]
      },
      "properties": {
        "id": "cd44-undefined",
        "source": "CD44",
        "gestionnaire": "CD44",
        "route": "Travaux sur réseaux",
        "commune": "Commune",
        "type_coupure": "Tous les véhicules",
        "cause": "Déviation",
        "priorite": "Moyenne",
        "statut": "Actif",
        "description": "Déviation",
        "date_heure": "24-08-2026 08:00:56 +0200"
      }
    },
    {
      "type": "Feature",
      "geometry": {
        "type": "Point",
        "coordinates": [
          -1.044240790469465,
          47.41374950289394
        ]
      },
      "properties": {
        "id": "cd44-undefined",
        "source": "CD44",
        "gestionnaire": "CD44",
        "route": "D28 / Loireauxence",
        "commune": "Maumusson / Loireauxence",
        "type_coupure": "Tranchée / raccordement",
        "cause": "Chantier",
        "priorite": "Moyenne",
        "statut": "Actif",
        "description": "Travaux sur réseaux",
        "date_heure": "24-08-2026 08:00:56 +0200"
      }
    },
    {
      "type": "Feature",
      "geometry": {
        "type": "Point",
        "coordinates": [
          -1.0350788371691797,
          47.38670955390413
        ]
      },
      "properties": {
        "id": "cd44-undefined",
        "source": "CD44",
        "gestionnaire": "CD44",
        "route": "Travaux sur réseaux",
        "commune": "Commune",
        "type_coupure": "Tous les véhicules",
        "cause": "Déviation",
        "priorite": "Moyenne",
        "statut": "Actif",
        "description": "Déviation",
        "date_heure": "24-08-2026 08:00:56 +0200"
      }
    },
    {
      "type": "Feature",
      "geometry": {
        "type": "Point",
        "coordinates": [
          -1.615716927162072,
          46.88339523703054
        ]
      },
      "properties": {
        "id": "cd44-undefined",
        "source": "CD44",
        "gestionnaire": "CD44",
        "route": "Travaux / D13 / Touvois",
        "commune": "Commune",
        "type_coupure": "Tous les véhicules",
        "cause": "Déviation",
        "priorite": "Moyenne",
        "statut": "Actif",
        "description": "Déviation",
        "date_heure": "21-08-2026 13:09:18 +0200"
      }
    },
    {
      "type": "Feature",
      "geometry": {
        "type": "Point",
        "coordinates": [
          -1.5914754230269468,
          46.892517058667664
        ]
      },
      "properties": {
        "id": "cd44-undefined",
        "source": "CD44",
        "gestionnaire": "CD44",
        "route": "D753 / Legé",
        "commune": "Corcoué-sur-Logne / Legé",
        "type_coupure": "Réfection de chaussée",
        "cause": "Chantier",
        "priorite": "Moyenne",
        "statut": "Actif",
        "description": "Travaux de réfection de chaussée",
        "date_heure": "21-08-2026 13:09:15 +0200"
      }
    },
    {
      "type": "Feature",
      "geometry": {
        "type": "Point",
        "coordinates": [
          -1.2965012016908284,
          47.345644806855084
        ]
      },
      "properties": {
        "id": "cd44-undefined",
        "source": "CD44",
        "gestionnaire": "CD44",
        "route": "D323 / Oudon",
        "commune": "Oudon / Couffé",
        "type_coupure": "Réfection de chaussée",
        "cause": "Chantier",
        "priorite": "Moyenne",
        "statut": "Actif",
        "description": "Travaux de réfection de chaussée",
        "date_heure": "21-08-2026 13:08:39 +0200"
      }
    },
    {
      "type": "Feature",
      "geometry": {
        "type": "Point",
        "coordinates": [
          -1.31197963860895,
          47.36064944086997
        ]
      },
      "properties": {
        "id": "cd44-undefined",
        "source": "CD44",
        "gestionnaire": "CD44",
        "route": "Travaux / D323 / Oudon",
        "commune": "Commune",
        "type_coupure": "Tous les véhicules",
        "cause": "Déviation",
        "priorite": "Moyenne",
        "statut": "Actif",
        "description": "Déviation",
        "date_heure": "21-08-2026 13:08:28 +0200"
      }
    },
    {
      "type": "Feature",
      "geometry": {
        "type": "Point",
        "coordinates": [
          -1.7963679908834174,
          46.98977631542837
        ]
      },
      "properties": {
        "id": "cd44-undefined",
        "source": "CD44",
        "gestionnaire": "CD44",
        "route": "Travaux / D64 / Machecoul",
        "commune": "Commune",
        "type_coupure": "Tous les véhicules",
        "cause": "Déviation",
        "priorite": "Moyenne",
        "statut": "Actif",
        "description": "Déviation",
        "date_heure": "21-08-2026 13:08:08 +0200"
      }
    },
    {
      "type": "Feature",
      "geometry": {
        "type": "Point",
        "coordinates": [
          -1.7959150365480534,
          46.989596073881486
        ]
      },
      "properties": {
        "id": "cd44-undefined",
        "source": "CD44",
        "gestionnaire": "CD44",
        "route": "D13 / Machecoul-Saint-Même",
        "commune": "Paulx / Machecoul-Saint-Même",
        "type_coupure": "Réfection de chaussée",
        "cause": "Chantier",
        "priorite": "Moyenne",
        "statut": "Actif",
        "description": "Travaux de réfection de chaussée",
        "date_heure": "21-08-2026 13:08:05 +0200"
      }
    },
    {
      "type": "Feature",
      "geometry": {
        "type": "Point",
        "coordinates": [
          -1.3054969042403783,
          47.204441090638994
        ]
      },
      "properties": {
        "id": "cd44-undefined",
        "source": "CD44",
        "gestionnaire": "CD44",
        "route": "Autres / D307 / Le Landreau",
        "commune": "Commune",
        "type_coupure": "Tous les véhicules",
        "cause": "Déviation",
        "priorite": "Moyenne",
        "statut": "Actif",
        "description": "Déviation",
        "date_heure": "21-08-2026 13:07:36 +0200"
      }
    },
    {
      "type": "Feature",
      "geometry": {
        "type": "Point",
        "coordinates": [
          -1.3056089658682506,
          47.21268558785932
        ]
      },
      "properties": {
        "id": "cd44-undefined",
        "source": "CD44",
        "gestionnaire": "CD44",
        "route": "D37 / Le Landreau",
        "commune": "Le Loroux-Bottereau / Le Landreau",
        "type_coupure": "Autres",
        "cause": "Chantier",
        "priorite": "Moyenne",
        "statut": "Actif",
        "description": "Autres",
        "date_heure": "21-08-2026 13:07:33 +0200"
      }
    },
    {
      "type": "Feature",
      "geometry": {
        "type": "Point",
        "coordinates": [
          -2.0095811296880526,
          47.27466931426823
        ]
      },
      "properties": {
        "id": "cd44-undefined",
        "source": "CD44",
        "gestionnaire": "CD44",
        "route": "Travaux / D98 / Saint-Père-en-Retz",
        "commune": "Commune",
        "type_coupure": "Tous les véhicules",
        "cause": "Déviation",
        "priorite": "Moyenne",
        "statut": "Actif",
        "description": "Déviation",
        "date_heure": "21-08-2026 13:07:16 +0200"
      }
    },
    {
      "type": "Feature",
      "geometry": {
        "type": "Point",
        "coordinates": [
          -2.0098068264047377,
          47.27218319697692
        ]
      },
      "properties": {
        "id": "cd44-undefined",
        "source": "CD44",
        "gestionnaire": "CD44",
        "route": "D86 / Saint-Viaud",
        "commune": "Paimboeuf / Saint-Viaud",
        "type_coupure": "Réfection de chaussée",
        "cause": "Chantier",
        "priorite": "Moyenne",
        "statut": "Actif",
        "description": "Travaux de réfection de chaussée",
        "date_heure": "21-08-2026 13:07:13 +0200"
      }
    },
    {
      "type": "Feature",
      "geometry": {
        "type": "Point",
        "coordinates": [
          -1.3494646345109766,
          47.340062471274976
        ]
      },
      "properties": {
        "id": "cd44-undefined",
        "source": "CD44",
        "gestionnaire": "CD44",
        "route": "D68 / Le Cellier",
        "commune": "Ligné vers Le Cellier",
        "type_coupure": "Tranchée / raccordement",
        "cause": "Chantier",
        "priorite": "Moyenne",
        "statut": "Actif",
        "description": "Travaux sur réseaux",
        "date_heure": "07-08-2026 17:37:21 +0200"
      }
    },
    {
      "type": "Feature",
      "geometry": {
        "type": "Point",
        "coordinates": [
          -1.3513692235923827,
          47.34125969757644
        ]
      },
      "properties": {
        "id": "cd44-undefined",
        "source": "CD44",
        "gestionnaire": "CD44",
        "route": "D68 / Le Cellier",
        "commune": "Le Cellier vers Ligné",
        "type_coupure": "Tranchée / raccordement",
        "cause": "Chantier",
        "priorite": "Moyenne",
        "statut": "Actif",
        "description": "Travaux sur réseaux",
        "date_heure": "07-08-2026 17:36:56 +0200"
      }
    },
    {
      "type": "Feature",
      "geometry": {
        "type": "Point",
        "coordinates": [
          -1.0949236580970472,
          47.40718844327185
        ]
      },
      "properties": {
        "id": "cd44-undefined",
        "source": "CD44",
        "gestionnaire": "CD44",
        "route": "Travaux sur réseaux",
        "commune": "Commune",
        "type_coupure": "Tous les véhicules",
        "cause": "Déviation",
        "priorite": "Moyenne",
        "statut": "Actif",
        "description": "Déviation",
        "date_heure": "07-08-2026 17:36:27 +0200"
      }
    },
    {
      "type": "Feature",
      "geometry": {
        "type": "Point",
        "coordinates": [
          -1.107805713136486,
          47.413484865929895
        ]
      },
      "properties": {
        "id": "cd44-undefined",
        "source": "CD44",
        "gestionnaire": "CD44",
        "route": "D18 / Vair-sur-Loire",
        "commune": "Vair-sur-Loire / La Roche-Blanche",
        "type_coupure": "Tranchée / raccordement",
        "cause": "Chantier",
        "priorite": "Moyenne",
        "statut": "Actif",
        "description": "Travaux sur réseaux",
        "date_heure": "07-08-2026 17:36:23 +0200"
      }
    },
    {
      "type": "Feature",
      "geometry": {
        "type": "Point",
        "coordinates": [
          -1.5894069238427486,
          46.953685225471276
        ]
      },
      "properties": {
        "id": "cd44-undefined",
        "source": "CD44",
        "gestionnaire": "CD44",
        "route": "D178 / Corcoué-sur-Logne",
        "commune": "Corcoué-sur-Logne / Legé",
        "type_coupure": "Ouvrage d'art",
        "cause": "Chantier",
        "priorite": "Moyenne",
        "statut": "Actif",
        "description": "Travaux sur ouvrage d'art",
        "date_heure": "24-07-2026 17:00:05 +0200"
      }
    },
    {
      "type": "Feature",
      "geometry": {
        "type": "Point",
        "coordinates": [
          -1.4045149053092156,
          47.36088632694511
        ]
      },
      "properties": {
        "id": "cd44-undefined",
        "source": "CD44",
        "gestionnaire": "CD44",
        "route": "D31 / Saint-Mars-du-Désert",
        "commune": "St-Mars-du-Désert / Mauves/Loire",
        "type_coupure": "Aménagement de chaussée",
        "cause": "Chantier",
        "priorite": "Moyenne",
        "statut": "Actif",
        "description": "Aménagement de chaussée",
        "date_heure": "22-06-2026 08:02:23 +0200"
      }
    },
    {
      "type": "Feature",
      "geometry": {
        "type": "Point",
        "coordinates": [
          -1.8143664141618614,
          47.28709623865569
        ]
      },
      "properties": {
        "id": "cd44-undefined",
        "source": "CD44",
        "gestionnaire": "CD44",
        "route": "D17 / Cordemais",
        "commune": "Cordemais / St-Etienne-de-Montluc",
        "type_coupure": "Réfection de chaussée",
        "cause": "Chantier",
        "priorite": "Moyenne",
        "statut": "Actif",
        "description": "Travaux de réfection de chaussée",
        "date_heure": "09-06-2026 13:52:35 +0200"
      }
    },
    {
      "type": "Feature",
      "geometry": {
        "type": "Point",
        "coordinates": [
          -1.5371711225794478,
          47.11307536273751
        ]
      },
      "properties": {
        "id": "cd44-undefined",
        "source": "CD44",
        "gestionnaire": "CD44",
        "route": "D178 / Pont-Saint-Martin",
        "commune": "Les Sorinières / Pont-Saint-Martin",
        "type_coupure": "Bouchon",
        "cause": "Bouchon",
        "priorite": "Moyenne",
        "statut": "Actif",
        "description": "Bouchon sur 2.9 km",
        "date_heure": "15-12-2025 20:13:03"
      }
    },
    {
      "type": "Feature",
      "geometry": {
        "type": "Point",
        "coordinates": [
          -1.6218282645603095,
          47.167100958887225
        ]
      },
      "properties": {
        "id": "cd44-undefined",
        "source": "CD44",
        "gestionnaire": "CD44",
        "route": "D723 / Bouguenais",
        "commune": "Bouaye vers Bouguenais",
        "type_coupure": "Bouchon",
        "cause": "Bouchon",
        "priorite": "Moyenne",
        "statut": "Actif",
        "description": "Bouchon sur 2 km",
        "date_heure": "15-12-2025 20:12:02"
      }
    },
    {
      "type": "Feature",
      "geometry": {
        "type": "Point",
        "coordinates": [
          -1.6454427970987844,
          47.16743664838338
        ]
      },
      "properties": {
        "id": "cd44-undefined",
        "source": "CD44",
        "gestionnaire": "CD44",
        "route": "D723 / Bouguenais",
        "commune": "Pornic vers Nantes",
        "type_coupure": "Bouchon",
        "cause": "Bouchon",
        "priorite": "Moyenne",
        "statut": "Actif",
        "description": "Bouchon sur 4 km",
        "date_heure": "04-07-2024 09:24:02 +0200"
      }
    },
    {
      "type": "Feature",
      "geometry": {
        "type": "LineString",
        "coordinates": [
          [
            -1.672978519809496,
            48.071249330365845
          ],
          [
            -1.672928508068387,
            48.07150614079562
          ],
          [
            -1.67284553878211,
            48.07172199858997
          ],
          [
            -1.672613448549068,
            48.07227230358759
          ],
          [
            -1.672504434576644,
            48.07258048858042
          ]
        ]
      },
      "properties": {
        "id": "rm-undefined-0",
        "source": "Rennes Métropole",
        "gestionnaire": "Rennes Métropole",
        "route": "Chemin de Lorrière",
        "commune": "35206 - Noyal-Châtillon-sur-Seiche",
        "type_coupure": "Circulation interdite",
        "cause": "Travaux",
        "priorite": "Moyenne",
        "statut": "Actif",
        "description": "sur réseaux ou ouvrages électriques",
        "date_heure": "2026-09-07T00:00:00+00:00"
      }
    },
    {
      "type": "Feature",
      "geometry": {
        "type": "LineString",
        "coordinates": [
          [
            -1.677801087522542,
            48.070144054947974
          ],
          [
            -1.676663330510875,
            48.07010547951358
          ],
          [
            -1.676530947536295,
            48.070100990555545
          ],
          [
            -1.676047824312323,
            48.07008460631184
          ],
          [
            -1.675193145863044,
            48.0700608061786
          ],
          [
            -1.674722110372929,
            48.07004768742083
          ],
          [
            -1.674426393835082,
            48.070052363041796
          ],
          [
            -1.674112893865592,
            48.07008493885628
          ],
          [
            -1.673794215107975,
            48.07012565307426
          ],
          [
            -1.673522240299697,
            48.07019221708484
          ],
          [
            -1.673241112686392,
            48.07028829090878
          ],
          [
            -1.673129803950039,
            48.070373928142004
          ],
          [
            -1.673076453976472,
            48.07049199757822
          ],
          [
            -1.673032489255971,
            48.070678367258324
          ],
          [
            -1.672978519809496,
            48.071249330365845
          ]
        ]
      },
      "properties": {
        "id": "rm-undefined-1",
        "source": "Rennes Métropole",
        "gestionnaire": "Rennes Métropole",
        "route": "Chemin de Lorrière",
        "commune": "35206 - Noyal-Châtillon-sur-Seiche",
        "type_coupure": "Circulation interdite",
        "cause": "Travaux",
        "priorite": "Moyenne",
        "statut": "Actif",
        "description": "sur réseaux ou ouvrages électriques",
        "date_heure": "2026-09-07T00:00:00+00:00"
      }
    },
    {
      "type": "Feature",
      "geometry": {
        "type": "LineString",
        "coordinates": [
          [
            -1.671221444902715,
            48.07549018636252
          ],
          [
            -1.671300464044667,
            48.07542519066393
          ],
          [
            -1.671499491026455,
            48.07495519091411
          ],
          [
            -1.671632062476256,
            48.07466945783418
          ],
          [
            -1.671788856445383,
            48.074500083304024
          ],
          [
            -1.672047790001025,
            48.07423772712977
          ],
          [
            -1.672203916461908,
            48.0739752463921
          ],
          [
            -1.672297031585028,
            48.07375103383438
          ],
          [
            -1.672372748380458,
            48.07349039977141
          ],
          [
            -1.672450210679916,
            48.073078487472806
          ],
          [
            -1.672476398802528,
            48.0727662100237
          ],
          [
            -1.672504434576644,
            48.07258048858042
          ]
        ]
      },
      "properties": {
        "id": "rm-undefined-2",
        "source": "Rennes Métropole",
        "gestionnaire": "Rennes Métropole",
        "route": "Chemin de Lorrière",
        "commune": "35206 - Noyal-Châtillon-sur-Seiche",
        "type_coupure": "Circulation interdite",
        "cause": "Travaux",
        "priorite": "Moyenne",
        "statut": "Actif",
        "description": "sur réseaux ou ouvrages électriques",
        "date_heure": "2026-09-07T00:00:00+00:00"
      }
    },
    {
      "type": "Feature",
      "geometry": {
        "type": "LineString",
        "coordinates": [
          [
            -1.673560495176472,
            48.117681048407704
          ],
          [
            -1.673532317015124,
            48.117722316869155
          ]
        ]
      },
      "properties": {
        "id": "rm-undefined-0",
        "source": "Rennes Métropole",
        "gestionnaire": "Rennes Métropole",
        "route": "face au 43 Rue Jean Guéhenno",
        "commune": "35238 - Rennes",
        "type_coupure": "Circulation alternée",
        "cause": "Travaux",
        "priorite": "Moyenne",
        "statut": "Actif",
        "description": "sur réseaux ou ouvrages électriques",
        "date_heure": "2026-08-31T00:00:00+00:00"
      }
    },
    {
      "type": "Feature",
      "geometry": {
        "type": "LineString",
        "coordinates": [
          [
            -1.684491694470732,
            48.089728151315164
          ],
          [
            -1.682776297657432,
            48.08962910268035
          ]
        ]
      },
      "properties": {
        "id": "rm-undefined-0",
        "source": "Rennes Métropole",
        "gestionnaire": "Rennes Métropole",
        "route": "du 77 au 67 Boulevard Albert 1er sens EST OUEST",
        "commune": "35238 - Rennes",
        "type_coupure": "Circulation interdite",
        "cause": "Travaux",
        "priorite": "Moyenne",
        "statut": "Actif",
        "description": "sur réseaux ou ouvrages d'eaux usées / assainissement",
        "date_heure": "2026-08-31T00:00:00+00:00"
      }
    },
    {
      "type": "Feature",
      "geometry": {
        "type": "LineString",
        "coordinates": [
          [
            -1.58674613282661,
            48.15986955395996
          ],
          [
            -1.587341091748473,
            48.159603698339005
          ],
          [
            -1.588093430360409,
            48.15912039339681
          ]
        ]
      },
      "properties": {
        "id": "rm-undefined-0",
        "source": "Rennes Métropole",
        "gestionnaire": "Rennes Métropole",
        "route": "du 53 au 46 Rue Nationale,Rue Nationale, du Rond-point jusqu'au 53",
        "commune": "35334 - Thorigné-Fouillard",
        "type_coupure": "Circulation alternée",
        "cause": "Travaux",
        "priorite": "Moyenne",
        "statut": "Actif",
        "description": "sur voirie",
        "date_heure": "2026-08-25T00:00:00+00:00"
      }
    },
    {
      "type": "Feature",
      "geometry": {
        "type": "LineString",
        "coordinates": [
          [
            -1.588105261085212,
            48.159111474884384
          ],
          [
            -1.587816629448834,
            48.159320074652506
          ]
        ]
      },
      "properties": {
        "id": "rm-undefined-1",
        "source": "Rennes Métropole",
        "gestionnaire": "Rennes Métropole",
        "route": "du 53 au 46 Rue Nationale,Rue Nationale, du Rond-point jusqu'au 53",
        "commune": "35334 - Thorigné-Fouillard",
        "type_coupure": "Circulation alternée",
        "cause": "Travaux",
        "priorite": "Moyenne",
        "statut": "Actif",
        "description": "sur voirie",
        "date_heure": "2026-08-25T00:00:00+00:00"
      }
    },
    {
      "type": "Feature",
      "geometry": {
        "type": "LineString",
        "coordinates": [
          [
            -1.744495134165776,
            48.02353898304643
          ],
          [
            -1.744483671602468,
            48.02351480073651
          ]
        ]
      },
      "properties": {
        "id": "rm-undefined-0",
        "source": "Rennes Métropole",
        "gestionnaire": "Rennes Métropole",
        "route": "à l'intersection de la Rue Huguette Gallais et de l'Avenue du Général de Gaulle",
        "commune": "35047 - Bruz",
        "type_coupure": "Circulation interdite",
        "cause": "Travaux",
        "priorite": "Moyenne",
        "statut": "Actif",
        "description": "sur réseaux ou ouvrages d'eaux usées / assainissement",
        "date_heure": "2026-08-24T00:00:00+00:00"
      }
    },
    {
      "type": "Feature",
      "geometry": {
        "type": "LineString",
        "coordinates": [
          [
            -1.674181987942019,
            48.0889296824588
          ],
          [
            -1.672319700483157,
            48.08887869154903
          ]
        ]
      },
      "properties": {
        "id": "rm-undefined-0",
        "source": "Rennes Métropole",
        "gestionnaire": "Rennes Métropole",
        "route": "Boulevard Albert 1er",
        "commune": "35238 - Rennes",
        "type_coupure": "Circulation interdite",
        "cause": "Travaux",
        "priorite": "Moyenne",
        "statut": "Actif",
        "description": "sur réseaux ou ouvrages de transport ou distribution de chaleur",
        "date_heure": "2026-08-31T00:00:00+00:00"
      }
    },
    {
      "type": "Feature",
      "geometry": {
        "type": "LineString",
        "coordinates": [
          [
            -1.678570318293718,
            48.101640895713125
          ],
          [
            -1.678591666454645,
            48.10176797982388
          ],
          [
            -1.676485212781493,
            48.10204192253365
          ]
        ]
      },
      "properties": {
        "id": "rm-undefined-0",
        "source": "Rennes Métropole",
        "gestionnaire": "Rennes Métropole",
        "route": "Rue Louis Blériot",
        "commune": "35238 - Rennes",
        "type_coupure": "Mise en impasse",
        "cause": "Travaux",
        "priorite": "Moyenne",
        "statut": "Actif",
        "description": "de construction de bâtiment",
        "date_heure": "2024-12-04T00:00:00+00:00"
      }
    },
    {
      "type": "Feature",
      "geometry": {
        "type": "LineString",
        "coordinates": [
          [
            -1.654265908012471,
            48.15051754956415
          ],
          [
            -1.654502489237989,
            48.15094724249168
          ]
        ]
      },
      "properties": {
        "id": "rm-undefined-0",
        "source": "Rennes Métropole",
        "gestionnaire": "Rennes Métropole",
        "route": "Rue des Sources",
        "commune": "35278 - Saint-Grégoire",
        "type_coupure": "Rétrécissement temporaire de largeur de voie - PLATEFORMES",
        "cause": "Travaux",
        "priorite": "Moyenne",
        "statut": "Actif",
        "description": "aménagement d'une plateforme pour base vie chantier suppression PN4",
        "date_heure": "2025-09-22T00:00:00+00:00"
      }
    },
    {
      "type": "Feature",
      "geometry": {
        "type": "LineString",
        "coordinates": [
          [
            -1.678305675793537,
            48.119154689755625
          ],
          [
            -1.679224603332463,
            48.11944338151425
          ]
        ]
      },
      "properties": {
        "id": "rm-undefined-0",
        "source": "Rennes Métropole",
        "gestionnaire": "Rennes Métropole",
        "route": "Rue Saint-Martin, du Mail Germaine Poinso-Chapuis jusqu'à Allée Léonie Chaptal",
        "commune": "35238 - Rennes",
        "type_coupure": "Neutralisation de voie",
        "cause": "Travaux",
        "priorite": "Moyenne",
        "statut": "Actif",
        "description": "d'installation de chantier",
        "date_heure": "2026-03-09T00:00:00+00:00"
      }
    },
    {
      "type": "Feature",
      "geometry": {
        "type": "LineString",
        "coordinates": [
          [
            -1.678305675793537,
            48.119154689755625
          ],
          [
            -1.679224603332463,
            48.11944338151425
          ]
        ]
      },
      "properties": {
        "id": "rm-undefined-0",
        "source": "Rennes Métropole",
        "gestionnaire": "Rennes Métropole",
        "route": "Rue Saint-Martin, du Mail Germaine Poinso-Chapuis jusqu'à Allée Léonie Chaptal",
        "commune": "35238 - Rennes",
        "type_coupure": "Rétrécissement temporaire de largeur de voie",
        "cause": "Travaux",
        "priorite": "Moyenne",
        "statut": "Actif",
        "description": "d'installation de chantier",
        "date_heure": "2026-03-09T00:00:00+00:00"
      }
    },
    {
      "type": "Feature",
      "geometry": {
        "type": "LineString",
        "coordinates": [
          [
            -1.655268144332264,
            48.15073919650297
          ],
          [
            -1.654293360423476,
            48.15112778455311
          ],
          [
            -1.653548786341963,
            48.15145637028861
          ],
          [
            -1.652978265937455,
            48.15175538692255
          ]
        ]
      },
      "properties": {
        "id": "rm-undefined-0",
        "source": "Rennes Métropole",
        "gestionnaire": "Rennes Métropole",
        "route": "Route de Thorigné-Fouillard section comprise entre l'Avenue de la Libération et la Touche Aury",
        "commune": "35278 - Saint-Grégoire",
        "type_coupure": "Circulation interdite",
        "cause": "Travaux",
        "priorite": "Moyenne",
        "statut": "Actif",
        "description": "de suppression du passage à niveau n°4",
        "date_heure": "2026-03-23T00:00:00+00:00"
      }
    },
    {
      "type": "Feature",
      "geometry": {
        "type": "LineString",
        "coordinates": [
          [
            -1.739844381426963,
            48.10513511729465
          ],
          [
            -1.739811246937944,
            48.10490060438941
          ]
        ]
      },
      "properties": {
        "id": "rm-undefined-0",
        "source": "Rennes Métropole",
        "gestionnaire": "Rennes Métropole",
        "route": "Rue du Petit Pré, section depuis Rue Montigné à Route de Lorient",
        "commune": "35353 - Vezin-le-Coquet",
        "type_coupure": "Rétrécissement temporaire de largeur de voie - PLATEFORMES",
        "cause": "Travaux",
        "priorite": "Moyenne",
        "statut": "Actif",
        "description": "sur voirie",
        "date_heure": "2026-07-27T00:00:00+00:00"
      }
    },
    {
      "type": "Feature",
      "geometry": {
        "type": "LineString",
        "coordinates": [
          [
            -1.739265539113284,
            48.1072403795003
          ],
          [
            -1.738695028562058,
            48.107391589993725
          ],
          [
            -1.738786093274005,
            48.10751247900262
          ],
          [
            -1.738991717324455,
            48.10758986826386
          ],
          [
            -1.739265539113284,
            48.1072403795003
          ]
        ]
      },
      "properties": {
        "id": "rm-undefined-1",
        "source": "Rennes Métropole",
        "gestionnaire": "Rennes Métropole",
        "route": "Rue du Petit Pré, section depuis Rue Montigné à Route de Lorient",
        "commune": "35353 - Vezin-le-Coquet",
        "type_coupure": "Rétrécissement temporaire de largeur de voie - PLATEFORMES",
        "cause": "Travaux",
        "priorite": "Moyenne",
        "statut": "Actif",
        "description": "sur voirie",
        "date_heure": "2026-07-27T00:00:00+00:00"
      }
    },
    {
      "type": "Feature",
      "geometry": {
        "type": "LineString",
        "coordinates": [
          [
            -1.740004295012926,
            48.106042234700666
          ],
          [
            -1.73973618571754,
            48.10668912307134
          ]
        ]
      },
      "properties": {
        "id": "rm-undefined-2",
        "source": "Rennes Métropole",
        "gestionnaire": "Rennes Métropole",
        "route": "Rue du Petit Pré, section depuis Rue Montigné à Route de Lorient",
        "commune": "35353 - Vezin-le-Coquet",
        "type_coupure": "Rétrécissement temporaire de largeur de voie - PLATEFORMES",
        "cause": "Travaux",
        "priorite": "Moyenne",
        "statut": "Actif",
        "description": "sur voirie",
        "date_heure": "2026-07-27T00:00:00+00:00"
      }
    },
    {
      "type": "Feature",
      "geometry": {
        "type": "LineString",
        "coordinates": [
          [
            -1.73973618571754,
            48.10668912307134
          ],
          [
            -1.739637306039748,
            48.10687553116814
          ],
          [
            -1.739265539113284,
            48.1072403795003
          ]
        ]
      },
      "properties": {
        "id": "rm-undefined-3",
        "source": "Rennes Métropole",
        "gestionnaire": "Rennes Métropole",
        "route": "Rue du Petit Pré, section depuis Rue Montigné à Route de Lorient",
        "commune": "35353 - Vezin-le-Coquet",
        "type_coupure": "Rétrécissement temporaire de largeur de voie - PLATEFORMES",
        "cause": "Travaux",
        "priorite": "Moyenne",
        "statut": "Actif",
        "description": "sur voirie",
        "date_heure": "2026-07-27T00:00:00+00:00"
      }
    },
    {
      "type": "Feature",
      "geometry": {
        "type": "LineString",
        "coordinates": [
          [
            -1.740267604984523,
            48.10546599974032
          ],
          [
            -1.740237640136926,
            48.10543851995106
          ],
          [
            -1.740135496722472,
            48.10533476193503
          ],
          [
            -1.739999472097174,
            48.105179564622716
          ],
          [
            -1.740020366252145,
            48.10512701559514
          ],
          [
            -1.74008034442028,
            48.105070557866114
          ],
          [
            -1.74010528638597,
            48.105024733598945
          ],
          [
            -1.740107157986285,
            48.104907377061274
          ]
        ]
      },
      "properties": {
        "id": "rm-undefined-4",
        "source": "Rennes Métropole",
        "gestionnaire": "Rennes Métropole",
        "route": "Rue du Petit Pré, section depuis Rue Montigné à Route de Lorient",
        "commune": "35353 - Vezin-le-Coquet",
        "type_coupure": "Rétrécissement temporaire de largeur de voie - PLATEFORMES",
        "cause": "Travaux",
        "priorite": "Moyenne",
        "statut": "Actif",
        "description": "sur voirie",
        "date_heure": "2026-07-27T00:00:00+00:00"
      }
    },
    {
      "type": "Feature",
      "geometry": {
        "type": "LineString",
        "coordinates": [
          [
            -1.740159836651907,
            48.10551785957177
          ],
          [
            -1.74010406736369,
            48.105397005605546
          ],
          [
            -1.739948659993002,
            48.105232709409435
          ],
          [
            -1.739844381426963,
            48.10513511729465
          ]
        ]
      },
      "properties": {
        "id": "rm-undefined-5",
        "source": "Rennes Métropole",
        "gestionnaire": "Rennes Métropole",
        "route": "Rue du Petit Pré, section depuis Rue Montigné à Route de Lorient",
        "commune": "35353 - Vezin-le-Coquet",
        "type_coupure": "Rétrécissement temporaire de largeur de voie - PLATEFORMES",
        "cause": "Travaux",
        "priorite": "Moyenne",
        "statut": "Actif",
        "description": "sur voirie",
        "date_heure": "2026-07-27T00:00:00+00:00"
      }
    },
    {
      "type": "Feature",
      "geometry": {
        "type": "LineString",
        "coordinates": [
          [
            -1.737983643794572,
            48.10486980871626
          ],
          [
            -1.738850419343065,
            48.10491981824947
          ],
          [
            -1.7392407280739,
            48.10495207033848
          ],
          [
            -1.739450246335891,
            48.10498049515445
          ],
          [
            -1.739596377454484,
            48.10502603549645
          ],
          [
            -1.739844381426963,
            48.10513511729465
          ]
        ]
      },
      "properties": {
        "id": "rm-undefined-6",
        "source": "Rennes Métropole",
        "gestionnaire": "Rennes Métropole",
        "route": "Rue du Petit Pré, section depuis Rue Montigné à Route de Lorient",
        "commune": "35353 - Vezin-le-Coquet",
        "type_coupure": "Rétrécissement temporaire de largeur de voie - PLATEFORMES",
        "cause": "Travaux",
        "priorite": "Moyenne",
        "statut": "Actif",
        "description": "sur voirie",
        "date_heure": "2026-07-27T00:00:00+00:00"
      }
    },
    {
      "type": "Feature",
      "geometry": {
        "type": "LineString",
        "coordinates": [
          [
            -1.740159836651907,
            48.10551785957177
          ],
          [
            -1.740130562437996,
            48.105724688703596
          ],
          [
            -1.740004295012926,
            48.106042234700666
          ]
        ]
      },
      "properties": {
        "id": "rm-undefined-7",
        "source": "Rennes Métropole",
        "gestionnaire": "Rennes Métropole",
        "route": "Rue du Petit Pré, section depuis Rue Montigné à Route de Lorient",
        "commune": "35353 - Vezin-le-Coquet",
        "type_coupure": "Rétrécissement temporaire de largeur de voie - PLATEFORMES",
        "cause": "Travaux",
        "priorite": "Moyenne",
        "statut": "Actif",
        "description": "sur voirie",
        "date_heure": "2026-07-27T00:00:00+00:00"
      }
    },
    {
      "type": "Feature",
      "geometry": {
        "type": "LineString",
        "coordinates": [
          [
            -1.741682505777248,
            48.18924758153507
          ],
          [
            -1.741675917776312,
            48.18917604601818
          ]
        ]
      },
      "properties": {
        "id": "rm-undefined-0",
        "source": "Rennes Métropole",
        "gestionnaire": "Rennes Métropole",
        "route": "du 47 Nantillère",
        "commune": "35059 - la Chapelle-des-Fougeretz",
        "type_coupure": "Rétrécissement temporaire de largeur de voie - PLATEFORMES",
        "cause": "Travaux",
        "priorite": "Moyenne",
        "statut": "Actif",
        "description": "de création de génie civil",
        "date_heure": "2026-08-10T00:00:00+00:00"
      }
    },
    {
      "type": "Feature",
      "geometry": {
        "type": "LineString",
        "coordinates": [
          [
            -1.657019321119984,
            48.11032636432257
          ],
          [
            -1.6566047811412,
            48.110322034946044
          ]
        ]
      },
      "properties": {
        "id": "rm-undefined-0",
        "source": "Rennes Métropole",
        "gestionnaire": "Rennes Métropole",
        "route": "face au 127 Avenue Aristide Briand",
        "commune": "35238 - Rennes",
        "type_coupure": "Rétrécissement temporaire de largeur de voie",
        "cause": "Travaux",
        "priorite": "Moyenne",
        "statut": "Actif",
        "description": "sur réseaux ou ouvrages électriques",
        "date_heure": "2026-08-17T00:00:00+00:00"
      }
    },
    {
      "type": "Feature",
      "geometry": {
        "type": "LineString",
        "coordinates": [
          [
            -1.580846487508343,
            48.163971914704845
          ],
          [
            -1.580117723497076,
            48.1644851999815
          ],
          [
            -1.580262529435381,
            48.164599101557336
          ],
          [
            -1.580509081511253,
            48.164815947468966
          ],
          [
            -1.580579700173719,
            48.16487648858167
          ]
        ]
      },
      "properties": {
        "id": "rm-undefined-0",
        "source": "Rennes Métropole",
        "gestionnaire": "Rennes Métropole",
        "route": "Impasse des Blanchets, de la Rue Nationale jusqu'au 2, Rue Nationale",
        "commune": "35334 - Thorigné-Fouillard",
        "type_coupure": "Circulation interdite",
        "cause": "Travaux",
        "priorite": "Moyenne",
        "statut": "Actif",
        "description": "sur réseaux ou ouvrages électriques",
        "date_heure": "2026-08-24T00:00:00+00:00"
      }
    },
    {
      "type": "Feature",
      "geometry": {
        "type": "LineString",
        "coordinates": [
          [
            -1.750386391738531,
            48.10441947354456
          ],
          [
            -1.750260400381008,
            48.10427754348445
          ]
        ]
      },
      "properties": {
        "id": "rm-undefined-0",
        "source": "Rennes Métropole",
        "gestionnaire": "Rennes Métropole",
        "route": "4 Route du Bois Briand",
        "commune": "35240 - le Rheu",
        "type_coupure": "Circulation alternée",
        "cause": "Travaux",
        "priorite": "Moyenne",
        "statut": "Actif",
        "description": "sur réseaux ou ouvrages de fibre optique",
        "date_heure": "2026-08-24T00:00:00+00:00"
      }
    },
    {
      "type": "Feature",
      "geometry": {
        "type": "LineString",
        "coordinates": [
          [
            -1.750675825868547,
            48.10477445986641
          ],
          [
            -1.751234962699233,
            48.10462528231915
          ],
          [
            -1.752166236096357,
            48.104401782978556
          ],
          [
            -1.752396323131652,
            48.10422851841791
          ]
        ]
      },
      "properties": {
        "id": "rm-undefined-1",
        "source": "Rennes Métropole",
        "gestionnaire": "Rennes Métropole",
        "route": "4 Route du Bois Briand",
        "commune": "35240 - le Rheu",
        "type_coupure": "Circulation alternée",
        "cause": "Travaux",
        "priorite": "Moyenne",
        "statut": "Actif",
        "description": "sur réseaux ou ouvrages de fibre optique",
        "date_heure": "2026-08-24T00:00:00+00:00"
      }
    },
    {
      "type": "Feature",
      "geometry": {
        "type": "LineString",
        "coordinates": [
          [
            -1.754910870155996,
            48.105993419539736
          ],
          [
            -1.754822153404363,
            48.106274603718965
          ],
          [
            -1.754760271775289,
            48.10642451772667
          ],
          [
            -1.754712261151534,
            48.10646956116132
          ]
        ]
      },
      "properties": {
        "id": "rm-undefined-2",
        "source": "Rennes Métropole",
        "gestionnaire": "Rennes Métropole",
        "route": "4 Route du Bois Briand",
        "commune": "35240 - le Rheu",
        "type_coupure": "Circulation alternée",
        "cause": "Travaux",
        "priorite": "Moyenne",
        "statut": "Actif",
        "description": "sur réseaux ou ouvrages de fibre optique",
        "date_heure": "2026-08-24T00:00:00+00:00"
      }
    },
    {
      "type": "Feature",
      "geometry": {
        "type": "LineString",
        "coordinates": [
          [
            -1.758867036938346,
            48.106236494337374
          ],
          [
            -1.758347131289123,
            48.1062046246697
          ],
          [
            -1.757625458454351,
            48.106160382881946
          ],
          [
            -1.755923407454399,
            48.10606878037112
          ],
          [
            -1.754910870155996,
            48.105993419539736
          ]
        ]
      },
      "properties": {
        "id": "rm-undefined-3",
        "source": "Rennes Métropole",
        "gestionnaire": "Rennes Métropole",
        "route": "4 Route du Bois Briand",
        "commune": "35240 - le Rheu",
        "type_coupure": "Circulation alternée",
        "cause": "Travaux",
        "priorite": "Moyenne",
        "statut": "Actif",
        "description": "sur réseaux ou ouvrages de fibre optique",
        "date_heure": "2026-08-24T00:00:00+00:00"
      }
    },
    {
      "type": "Feature",
      "geometry": {
        "type": "LineString",
        "coordinates": [
          [
            -1.750675825868547,
            48.10477445986641
          ],
          [
            -1.750453307948076,
            48.104494854257524
          ],
          [
            -1.750386391738531,
            48.10441947354456
          ]
        ]
      },
      "properties": {
        "id": "rm-undefined-4",
        "source": "Rennes Métropole",
        "gestionnaire": "Rennes Métropole",
        "route": "4 Route du Bois Briand",
        "commune": "35240 - le Rheu",
        "type_coupure": "Circulation alternée",
        "cause": "Travaux",
        "priorite": "Moyenne",
        "statut": "Actif",
        "description": "sur réseaux ou ouvrages de fibre optique",
        "date_heure": "2026-08-24T00:00:00+00:00"
      }
    },
    {
      "type": "Feature",
      "geometry": {
        "type": "LineString",
        "coordinates": [
          [
            -1.754910870155996,
            48.105993419539736
          ],
          [
            -1.754628173146894,
            48.10595481573948
          ],
          [
            -1.753858670704551,
            48.10578857105031
          ],
          [
            -1.752614068511637,
            48.10552935788134
          ],
          [
            -1.751515216281695,
            48.105296132215784
          ],
          [
            -1.751312415701832,
            48.10523657784276
          ],
          [
            -1.75107436066946,
            48.10512733115507
          ],
          [
            -1.750906087335697,
            48.10500798223369
          ],
          [
            -1.75075040976178,
            48.10485462306405
          ],
          [
            -1.750675825868547,
            48.10477445986641
          ]
        ]
      },
      "properties": {
        "id": "rm-undefined-5",
        "source": "Rennes Métropole",
        "gestionnaire": "Rennes Métropole",
        "route": "4 Route du Bois Briand",
        "commune": "35240 - le Rheu",
        "type_coupure": "Circulation alternée",
        "cause": "Travaux",
        "priorite": "Moyenne",
        "statut": "Actif",
        "description": "sur réseaux ou ouvrages de fibre optique",
        "date_heure": "2026-08-24T00:00:00+00:00"
      }
    },
    {
      "type": "Feature",
      "geometry": {
        "type": "LineString",
        "coordinates": [
          [
            -1.742682918231272,
            48.023404879607305
          ],
          [
            -1.741284029238052,
            48.02326964675365
          ]
        ]
      },
      "properties": {
        "id": "rm-undefined-0",
        "source": "Rennes Métropole",
        "gestionnaire": "Rennes Métropole",
        "route": "Avenue du Général de Gaulle, de la Rue Théodore Albert jusqu'à la Rue Jean Mermoz",
        "commune": "35047 - Bruz",
        "type_coupure": "Circulation interdite",
        "cause": "Travaux",
        "priorite": "Moyenne",
        "statut": "Actif",
        "description": "sur réseaux ou ouvrages d'eaux usées / assainissement",
        "date_heure": "2026-08-24T00:00:00+00:00"
      }
    },
    {
      "type": "Feature",
      "geometry": {
        "type": "LineString",
        "coordinates": [
          [
            -1.663765622226034,
            48.105482058861945
          ],
          [
            -1.663593814165288,
            48.10551218030328
          ],
          [
            -1.663522472499625,
            48.10562110967171
          ]
        ]
      },
      "properties": {
        "id": "rm-undefined-0",
        "source": "Rennes Métropole",
        "gestionnaire": "Rennes Métropole",
        "route": "face au 2 Rue du 4 août 1944",
        "commune": "35238 - Rennes",
        "type_coupure": "Circulation alternée",
        "cause": "Travaux",
        "priorite": "Moyenne",
        "statut": "Actif",
        "description": "d'aménagement de chaussée",
        "date_heure": "2026-08-25T00:00:00+00:00"
      }
    },
    {
      "type": "Feature",
      "geometry": {
        "type": "LineString",
        "coordinates": [
          [
            -1.581312140241229,
            48.2183834185151
          ],
          [
            -1.581444315712367,
            48.217691162053654
          ],
          [
            -1.581531297092686,
            48.217248473204705
          ],
          [
            -1.581880156966957,
            48.21690799425834
          ],
          [
            -1.58248470104342,
            48.216410935502715
          ],
          [
            -1.583175193562322,
            48.215932979040396
          ],
          [
            -1.583730137295501,
            48.21573070654433
          ],
          [
            -1.584794736419626,
            48.21547999683398
          ],
          [
            -1.585228228164878,
            48.21533322990384
          ]
        ]
      },
      "properties": {
        "id": "rm-undefined-0",
        "source": "Rennes Métropole",
        "gestionnaire": "Rennes Métropole",
        "route": "2 Rue Naise",
        "commune": "35315 - Saint-Sulpice-la-Forêt",
        "type_coupure": "Rétrécissement temporaire de largeur de voie - PLATEFORMES",
        "cause": "Travaux",
        "priorite": "Moyenne",
        "statut": "Actif",
        "description": "sur réseaux ou ouvrages d'eau potable",
        "date_heure": "2026-08-25T00:00:00+00:00"
      }
    },
    {
      "type": "Feature",
      "geometry": {
        "type": "LineString",
        "coordinates": [
          [
            -1.586548101555742,
            48.159948515049635
          ],
          [
            -1.58555865929078,
            48.16065242725593
          ]
        ]
      },
      "properties": {
        "id": "rm-undefined-0",
        "source": "Rennes Métropole",
        "gestionnaire": "Rennes Métropole",
        "route": "Rue Nationale, du Rond-point jusqu'à Inconnu Voie non dénommée",
        "commune": "35334 - Thorigné-Fouillard",
        "type_coupure": "Circulation alternée",
        "cause": "Travaux",
        "priorite": "Moyenne",
        "statut": "Actif",
        "description": "sur voirie",
        "date_heure": "2026-08-31T00:00:00+00:00"
      }
    },
    {
      "type": "Feature",
      "geometry": {
        "type": "LineString",
        "coordinates": [
          [
            -1.676173035625067,
            48.099762702693276
          ],
          [
            -1.675949364331339,
            48.099771466631296
          ]
        ]
      },
      "properties": {
        "id": "rm-undefined-0",
        "source": "Rennes Métropole",
        "gestionnaire": "Rennes Métropole",
        "route": "26 Rue Ernest Rivière",
        "commune": "35238 - Rennes",
        "type_coupure": "Circulation interdite",
        "cause": "Travaux",
        "priorite": "Moyenne",
        "statut": "Actif",
        "description": "sur réseaux ou ouvrages électriques",
        "date_heure": "2026-08-31T00:00:00+00:00"
      }
    },
    {
      "type": "Feature",
      "geometry": {
        "type": "LineString",
        "coordinates": [
          [
            -1.613030494616139,
            48.09020170899978
          ],
          [
            -1.61282864308084,
            48.090223888758345
          ]
        ]
      },
      "properties": {
        "id": "rm-undefined-0",
        "source": "Rennes Métropole",
        "gestionnaire": "Rennes Métropole",
        "route": "4 Rue de Flandre",
        "commune": "35055 - Chantepie",
        "type_coupure": "Rétrécissement temporaire de largeur de voie - PLATEFORMES",
        "cause": "Travaux",
        "priorite": "Moyenne",
        "statut": "Actif",
        "description": "de branchement électrique",
        "date_heure": "2026-08-31T00:00:00+00:00"
      }
    },
    {
      "type": "Feature",
      "geometry": {
        "type": "LineString",
        "coordinates": [
          [
            -1.687570481849522,
            48.0980728378443
          ],
          [
            -1.68745679875685,
            48.0980536928241
          ]
        ]
      },
      "properties": {
        "id": "rm-undefined-0",
        "source": "Rennes Métropole",
        "gestionnaire": "Rennes Métropole",
        "route": "du 6 au 8 Rue du Puits Jacob",
        "commune": "35238 - Rennes",
        "type_coupure": "Rétrécissement temporaire de largeur de voie",
        "cause": "Travaux",
        "priorite": "Moyenne",
        "statut": "Actif",
        "description": "sur réseaux ou ouvrages électriques",
        "date_heure": "2026-08-31T00:00:00+00:00"
      }
    },
    {
      "type": "Feature",
      "geometry": {
        "type": "LineString",
        "coordinates": [
          [
            -1.666026664466587,
            48.133815962862
          ],
          [
            -1.665000494279899,
            48.13362100713554
          ]
        ]
      },
      "properties": {
        "id": "rm-undefined-0",
        "source": "Rennes Métropole",
        "gestionnaire": "Rennes Métropole",
        "route": "Allée de Lanester jusqu'à la rue Poiret Nivet en passant par la coulée verte",
        "commune": "35238 - Rennes",
        "type_coupure": "Rétrécissement temporaire de largeur de voie",
        "cause": "Travaux",
        "priorite": "Moyenne",
        "statut": "Actif",
        "description": "sur réseaux ou ouvrages d'éclairage public",
        "date_heure": "2026-08-31T00:00:00+00:00"
      }
    },
    {
      "type": "Feature",
      "geometry": {
        "type": "LineString",
        "coordinates": [
          [
            -1.684660047706257,
            48.096982043284406
          ],
          [
            -1.684650785988707,
            48.096981668334976
          ]
        ]
      },
      "properties": {
        "id": "rm-undefined-0",
        "source": "Rennes Métropole",
        "gestionnaire": "Rennes Métropole",
        "route": "à l'intersection du Boulevard Jacques Cartier et de la Rue Lobineau",
        "commune": "35238 - Rennes",
        "type_coupure": "Rétrécissement temporaire de largeur de voie",
        "cause": "Travaux",
        "priorite": "Moyenne",
        "statut": "Actif",
        "description": "sur réseaux ou ouvrages électriques",
        "date_heure": "2026-08-31T00:00:00+00:00"
      }
    },
    {
      "type": "Feature",
      "geometry": {
        "type": "LineString",
        "coordinates": [
          [
            -1.745626963805182,
            48.13200541595922
          ],
          [
            -1.745824895957313,
            48.1316514450128
          ],
          [
            -1.746145242319216,
            48.13093662100267
          ],
          [
            -1.746325433975368,
            48.130540646576826
          ]
        ]
      },
      "properties": {
        "id": "rm-undefined-0",
        "source": "Rennes Métropole",
        "gestionnaire": "Rennes Métropole",
        "route": "au droit de la Touche Thébault, Voie communale 107",
        "commune": "35210 - Pacé, 35353 - Vezin-le-Coquet",
        "type_coupure": "Circulation alternée",
        "cause": "Travaux",
        "priorite": "Moyenne",
        "statut": "Actif",
        "description": "sur réseaux ou ouvrages électriques",
        "date_heure": "2026-08-31T00:00:00+00:00"
      }
    },
    {
      "type": "Feature",
      "geometry": {
        "type": "LineString",
        "coordinates": [
          [
            -1.674341839940545,
            48.08905146032613
          ],
          [
            -1.674206741038203,
            48.09201361008597
          ]
        ]
      },
      "properties": {
        "id": "rm-undefined-0",
        "source": "Rennes Métropole",
        "gestionnaire": "Rennes Métropole",
        "route": "Avenue Henri Fréville, du Boulevard Albert 1er jusqu'au Boulevard de l'Yser sens SUD NORD",
        "commune": "35238 - Rennes",
        "type_coupure": "Rétrécissement temporaire de largeur de voie",
        "cause": "Travaux",
        "priorite": "Moyenne",
        "statut": "Actif",
        "description": "sur réseaux ou ouvrages de transport ou distribution de chaleur",
        "date_heure": "2026-08-31T00:00:00+00:00"
      }
    },
    {
      "type": "Feature",
      "geometry": {
        "type": "LineString",
        "coordinates": [
          [
            -1.604367941942395,
            48.079650025592834
          ],
          [
            -1.604306765363603,
            48.079670778923656
          ],
          [
            -1.604213595376226,
            48.07970970836721
          ]
        ]
      },
      "properties": {
        "id": "rm-undefined-0",
        "source": "Rennes Métropole",
        "gestionnaire": "Rennes Métropole",
        "route": "Rond-point du Pont B¿uf",
        "commune": "35055 - Chantepie",
        "type_coupure": "Neutralisation de voie",
        "cause": "Travaux",
        "priorite": "Moyenne",
        "statut": "Actif",
        "description": "sur voirie",
        "date_heure": "2026-09-01T00:00:00+00:00"
      }
    },
    {
      "type": "Feature",
      "geometry": {
        "type": "LineString",
        "coordinates": [
          [
            -1.641836596903675,
            48.09721219586961
          ],
          [
            -1.642095857543015,
            48.09734825711253
          ]
        ]
      },
      "properties": {
        "id": "rm-undefined-0",
        "source": "Rennes Métropole",
        "gestionnaire": "Rennes Métropole",
        "route": "du 167 au 197 Rue de Châteaugiron dans les deux sens",
        "commune": "35238 - Rennes",
        "type_coupure": "Rétrécissement temporaire de largeur de voie",
        "cause": "Travaux",
        "priorite": "Moyenne",
        "statut": "Actif",
        "description": "sur boucles macro-régulation",
        "date_heure": "2026-09-02T00:00:00+00:00"
      }
    },
    {
      "type": "Feature",
      "geometry": {
        "type": "LineString",
        "coordinates": [
          [
            -1.639656118203989,
            48.09605006867267
          ],
          [
            -1.639846391478215,
            48.096151981952524
          ]
        ]
      },
      "properties": {
        "id": "rm-undefined-1",
        "source": "Rennes Métropole",
        "gestionnaire": "Rennes Métropole",
        "route": "du 167 au 197 Rue de Châteaugiron dans les deux sens",
        "commune": "35238 - Rennes",
        "type_coupure": "Rétrécissement temporaire de largeur de voie",
        "cause": "Travaux",
        "priorite": "Moyenne",
        "statut": "Actif",
        "description": "sur boucles macro-régulation",
        "date_heure": "2026-09-02T00:00:00+00:00"
      }
    },
    {
      "type": "Feature",
      "geometry": {
        "type": "LineString",
        "coordinates": [
          [
            -1.837315782614904,
            48.079233551587336
          ],
          [
            -1.837701148553498,
            48.07971298465678
          ]
        ]
      },
      "properties": {
        "id": "rm-undefined-0",
        "source": "Rennes Métropole",
        "gestionnaire": "Rennes Métropole",
        "route": "du 9 au 13 Rue de la Bellais",
        "commune": "35196 - Mordelles",
        "type_coupure": "Rétrécissement temporaire de largeur de voie - PLATEFORMES",
        "cause": "Travaux",
        "priorite": "Moyenne",
        "statut": "Actif",
        "description": "sur réseaux ou ouvrages d'eaux usées / assainissement",
        "date_heure": "2026-09-07T00:00:00+00:00"
      }
    },
    {
      "type": "Feature",
      "geometry": {
        "type": "LineString",
        "coordinates": [
          [
            -1.828523768913842,
            48.141847193659814
          ],
          [
            -1.828321014867851,
            48.14170139490286
          ],
          [
            -1.828144939145231,
            48.14160586490376
          ],
          [
            -1.827979276977238,
            48.14153651389625
          ],
          [
            -1.82781064790002,
            48.14149212992604
          ],
          [
            -1.827660033092769,
            48.141498450562345
          ],
          [
            -1.827351703552323,
            48.1415202621542
          ],
          [
            -1.827125950173501,
            48.14154570569177
          ],
          [
            -1.826944677605983,
            48.141633458808414
          ]
        ]
      },
      "properties": {
        "id": "rm-undefined-0",
        "source": "Rennes Métropole",
        "gestionnaire": "Rennes Métropole",
        "route": "RD21 au droit de Saint-Hubert",
        "commune": "35065 - la Chapelle-Thouarault, 35275 - Saint-Gilles",
        "type_coupure": "Circulation alternée",
        "cause": "Travaux",
        "priorite": "Moyenne",
        "statut": "Actif",
        "description": "sur réseaux ou ouvrages de fibre optique",
        "date_heure": "2026-09-07T00:00:00+00:00"
      }
    },
    {
      "type": "Feature",
      "geometry": {
        "type": "LineString",
        "coordinates": [
          [
            -1.828523768913842,
            48.141847193659814
          ],
          [
            -1.828865615719457,
            48.141864343968344
          ],
          [
            -1.83059334999971,
            48.14206291434409
          ],
          [
            -1.830832810657893,
            48.142072535482974
          ],
          [
            -1.830972372054875,
            48.14206230240112
          ],
          [
            -1.831198732736752,
            48.14201065108298
          ],
          [
            -1.831569766987435,
            48.141852995988934
          ]
        ]
      },
      "properties": {
        "id": "rm-undefined-1",
        "source": "Rennes Métropole",
        "gestionnaire": "Rennes Métropole",
        "route": "RD21 au droit de Saint-Hubert",
        "commune": "35065 - la Chapelle-Thouarault, 35275 - Saint-Gilles",
        "type_coupure": "Circulation alternée",
        "cause": "Travaux",
        "priorite": "Moyenne",
        "statut": "Actif",
        "description": "sur réseaux ou ouvrages de fibre optique",
        "date_heure": "2026-09-07T00:00:00+00:00"
      }
    },
    {
      "type": "Feature",
      "geometry": {
        "type": "LineString",
        "coordinates": [
          [
            -1.828523768913842,
            48.141847193659814
          ],
          [
            -1.828479706920939,
            48.1416392227738
          ],
          [
            -1.82848796719352,
            48.14134372240358
          ],
          [
            -1.828505386102163,
            48.14065204937028
          ],
          [
            -1.82843941904972,
            48.140367615554155
          ],
          [
            -1.828356329093223,
            48.140072678033256
          ]
        ]
      },
      "properties": {
        "id": "rm-undefined-2",
        "source": "Rennes Métropole",
        "gestionnaire": "Rennes Métropole",
        "route": "RD21 au droit de Saint-Hubert",
        "commune": "35065 - la Chapelle-Thouarault, 35275 - Saint-Gilles",
        "type_coupure": "Circulation alternée",
        "cause": "Travaux",
        "priorite": "Moyenne",
        "statut": "Actif",
        "description": "sur réseaux ou ouvrages de fibre optique",
        "date_heure": "2026-09-07T00:00:00+00:00"
      }
    },
    {
      "type": "Feature",
      "geometry": {
        "type": "LineString",
        "coordinates": [
          [
            -1.783931011576505,
            48.22233169804767
          ],
          [
            -1.783782269043399,
            48.22219910689203
          ]
        ]
      },
      "properties": {
        "id": "rm-undefined-0",
        "source": "Rennes Métropole",
        "gestionnaire": "Rennes Métropole",
        "route": "16b Rue de Clairville",
        "commune": "35120 - Gévezé",
        "type_coupure": "MESURE DVPNO - MJC + OR",
        "cause": "Travaux",
        "priorite": "Moyenne",
        "statut": "Actif",
        "description": "sur réseaux ou ouvrages électriques",
        "date_heure": "2026-09-07T00:00:00+00:00"
      }
    },
    {
      "type": "Feature",
      "geometry": {
        "type": "LineString",
        "coordinates": [
          [
            -1.780780347062398,
            48.22143588548134
          ],
          [
            -1.780561212899733,
            48.22157968222266
          ],
          [
            -1.78043837290802,
            48.221643957115376
          ],
          [
            -1.780324948373182,
            48.22167959698733
          ]
        ]
      },
      "properties": {
        "id": "rm-undefined-1",
        "source": "Rennes Métropole",
        "gestionnaire": "Rennes Métropole",
        "route": "16b Rue de Clairville",
        "commune": "35120 - Gévezé",
        "type_coupure": "MESURE DVPNO - MJC + OR",
        "cause": "Travaux",
        "priorite": "Moyenne",
        "statut": "Actif",
        "description": "sur réseaux ou ouvrages électriques",
        "date_heure": "2026-09-07T00:00:00+00:00"
      }
    },
    {
      "type": "Feature",
      "geometry": {
        "type": "LineString",
        "coordinates": [
          [
            -1.777271286487783,
            48.22116479595635
          ],
          [
            -1.776809271041276,
            48.22103100472771
          ],
          [
            -1.776677318952054,
            48.22098046116186
          ]
        ]
      },
      "properties": {
        "id": "rm-undefined-2",
        "source": "Rennes Métropole",
        "gestionnaire": "Rennes Métropole",
        "route": "16b Rue de Clairville",
        "commune": "35120 - Gévezé",
        "type_coupure": "MESURE DVPNO - MJC + OR",
        "cause": "Travaux",
        "priorite": "Moyenne",
        "statut": "Actif",
        "description": "sur réseaux ou ouvrages électriques",
        "date_heure": "2026-09-07T00:00:00+00:00"
      }
    },
    {
      "type": "Feature",
      "geometry": {
        "type": "LineString",
        "coordinates": [
          [
            -1.784188999696052,
            48.222545065745045
          ],
          [
            -1.783931011576505,
            48.22233169804767
          ]
        ]
      },
      "properties": {
        "id": "rm-undefined-3",
        "source": "Rennes Métropole",
        "gestionnaire": "Rennes Métropole",
        "route": "16b Rue de Clairville",
        "commune": "35120 - Gévezé",
        "type_coupure": "MESURE DVPNO - MJC + OR",
        "cause": "Travaux",
        "priorite": "Moyenne",
        "statut": "Actif",
        "description": "sur réseaux ou ouvrages électriques",
        "date_heure": "2026-09-07T00:00:00+00:00"
      }
    },
    {
      "type": "Feature",
      "geometry": {
        "type": "LineString",
        "coordinates": [
          [
            -1.781060163966461,
            48.22134148690852
          ],
          [
            -1.780780347062398,
            48.22143588548134
          ]
        ]
      },
      "properties": {
        "id": "rm-undefined-4",
        "source": "Rennes Métropole",
        "gestionnaire": "Rennes Métropole",
        "route": "16b Rue de Clairville",
        "commune": "35120 - Gévezé",
        "type_coupure": "MESURE DVPNO - MJC + OR",
        "cause": "Travaux",
        "priorite": "Moyenne",
        "statut": "Actif",
        "description": "sur réseaux ou ouvrages électriques",
        "date_heure": "2026-09-07T00:00:00+00:00"
      }
    },
    {
      "type": "Feature",
      "geometry": {
        "type": "LineString",
        "coordinates": [
          [
            -1.779219705983316,
            48.22148500313023
          ],
          [
            -1.778549113106607,
            48.22139109093464
          ]
        ]
      },
      "properties": {
        "id": "rm-undefined-5",
        "source": "Rennes Métropole",
        "gestionnaire": "Rennes Métropole",
        "route": "16b Rue de Clairville",
        "commune": "35120 - Gévezé",
        "type_coupure": "MESURE DVPNO - MJC + OR",
        "cause": "Travaux",
        "priorite": "Moyenne",
        "statut": "Actif",
        "description": "sur réseaux ou ouvrages électriques",
        "date_heure": "2026-09-07T00:00:00+00:00"
      }
    },
    {
      "type": "Feature",
      "geometry": {
        "type": "LineString",
        "coordinates": [
          [
            -1.780780347062398,
            48.22143588548134
          ],
          [
            -1.780519109042466,
            48.22153471381482
          ],
          [
            -1.7803119740005,
            48.221574374639246
          ],
          [
            -1.78002424170869,
            48.22159269771222
          ]
        ]
      },
      "properties": {
        "id": "rm-undefined-6",
        "source": "Rennes Métropole",
        "gestionnaire": "Rennes Métropole",
        "route": "16b Rue de Clairville",
        "commune": "35120 - Gévezé",
        "type_coupure": "MESURE DVPNO - MJC + OR",
        "cause": "Travaux",
        "priorite": "Moyenne",
        "statut": "Actif",
        "description": "sur réseaux ou ouvrages électriques",
        "date_heure": "2026-09-07T00:00:00+00:00"
      }
    },
    {
      "type": "Feature",
      "geometry": {
        "type": "LineString",
        "coordinates": [
          [
            -1.784236469309125,
            48.22260489148612
          ],
          [
            -1.784188999696052,
            48.222545065745045
          ]
        ]
      },
      "properties": {
        "id": "rm-undefined-7",
        "source": "Rennes Métropole",
        "gestionnaire": "Rennes Métropole",
        "route": "16b Rue de Clairville",
        "commune": "35120 - Gévezé",
        "type_coupure": "MESURE DVPNO - MJC + OR",
        "cause": "Travaux",
        "priorite": "Moyenne",
        "statut": "Actif",
        "description": "sur réseaux ou ouvrages électriques",
        "date_heure": "2026-09-07T00:00:00+00:00"
      }
    },
    {
      "type": "Feature",
      "geometry": {
        "type": "LineString",
        "coordinates": [
          [
            -1.777960375049143,
            48.22129446556726
          ],
          [
            -1.777606097000705,
            48.22123200606653
          ],
          [
            -1.777271286487783,
            48.22116479595635
          ]
        ]
      },
      "properties": {
        "id": "rm-undefined-8",
        "source": "Rennes Métropole",
        "gestionnaire": "Rennes Métropole",
        "route": "16b Rue de Clairville",
        "commune": "35120 - Gévezé",
        "type_coupure": "MESURE DVPNO - MJC + OR",
        "cause": "Travaux",
        "priorite": "Moyenne",
        "statut": "Actif",
        "description": "sur réseaux ou ouvrages électriques",
        "date_heure": "2026-09-07T00:00:00+00:00"
      }
    },
    {
      "type": "Feature",
      "geometry": {
        "type": "LineString",
        "coordinates": [
          [
            -1.775766833156136,
            48.22063891576819
          ],
          [
            -1.776292210478688,
            48.22009397321335
          ]
        ]
      },
      "properties": {
        "id": "rm-undefined-9",
        "source": "Rennes Métropole",
        "gestionnaire": "Rennes Métropole",
        "route": "16b Rue de Clairville",
        "commune": "35120 - Gévezé",
        "type_coupure": "MESURE DVPNO - MJC + OR",
        "cause": "Travaux",
        "priorite": "Moyenne",
        "statut": "Actif",
        "description": "sur réseaux ou ouvrages électriques",
        "date_heure": "2026-09-07T00:00:00+00:00"
      }
    },
    {
      "type": "Feature",
      "geometry": {
        "type": "LineString",
        "coordinates": [
          [
            -1.782093774676032,
            48.22130811429161
          ],
          [
            -1.781971043236195,
            48.22121521034341
          ],
          [
            -1.781655367819522,
            48.22105433492356
          ],
          [
            -1.781501095920022,
            48.22098556767378
          ]
        ]
      },
      "properties": {
        "id": "rm-undefined-10",
        "source": "Rennes Métropole",
        "gestionnaire": "Rennes Métropole",
        "route": "16b Rue de Clairville",
        "commune": "35120 - Gévezé",
        "type_coupure": "MESURE DVPNO - MJC + OR",
        "cause": "Travaux",
        "priorite": "Moyenne",
        "statut": "Actif",
        "description": "sur réseaux ou ouvrages électriques",
        "date_heure": "2026-09-07T00:00:00+00:00"
      }
    },
    {
      "type": "Feature",
      "geometry": {
        "type": "LineString",
        "coordinates": [
          [
            -1.776677318952054,
            48.22098046116186
          ],
          [
            -1.776465027360031,
            48.220896154948946
          ],
          [
            -1.775766833156136,
            48.22063891576819
          ]
        ]
      },
      "properties": {
        "id": "rm-undefined-11",
        "source": "Rennes Métropole",
        "gestionnaire": "Rennes Métropole",
        "route": "16b Rue de Clairville",
        "commune": "35120 - Gévezé",
        "type_coupure": "MESURE DVPNO - MJC + OR",
        "cause": "Travaux",
        "priorite": "Moyenne",
        "statut": "Actif",
        "description": "sur réseaux ou ouvrages électriques",
        "date_heure": "2026-09-07T00:00:00+00:00"
      }
    },
    {
      "type": "Feature",
      "geometry": {
        "type": "LineString",
        "coordinates": [
          [
            -1.781501095920022,
            48.22098556767378
          ],
          [
            -1.781369742481087,
            48.220923264566004
          ]
        ]
      },
      "properties": {
        "id": "rm-undefined-12",
        "source": "Rennes Métropole",
        "gestionnaire": "Rennes Métropole",
        "route": "16b Rue de Clairville",
        "commune": "35120 - Gévezé",
        "type_coupure": "MESURE DVPNO - MJC + OR",
        "cause": "Travaux",
        "priorite": "Moyenne",
        "statut": "Actif",
        "description": "sur réseaux ou ouvrages électriques",
        "date_heure": "2026-09-07T00:00:00+00:00"
      }
    },
    {
      "type": "Feature",
      "geometry": {
        "type": "LineString",
        "coordinates": [
          [
            -1.778549113106607,
            48.22139109093464
          ],
          [
            -1.777960375049143,
            48.22129446556726
          ]
        ]
      },
      "properties": {
        "id": "rm-undefined-13",
        "source": "Rennes Métropole",
        "gestionnaire": "Rennes Métropole",
        "route": "16b Rue de Clairville",
        "commune": "35120 - Gévezé",
        "type_coupure": "MESURE DVPNO - MJC + OR",
        "cause": "Travaux",
        "priorite": "Moyenne",
        "statut": "Actif",
        "description": "sur réseaux ou ouvrages électriques",
        "date_heure": "2026-09-07T00:00:00+00:00"
      }
    },
    {
      "type": "Feature",
      "geometry": {
        "type": "LineString",
        "coordinates": [
          [
            -1.781060163966461,
            48.22134148690852
          ],
          [
            -1.781878638285503,
            48.22183309123133
          ]
        ]
      },
      "properties": {
        "id": "rm-undefined-14",
        "source": "Rennes Métropole",
        "gestionnaire": "Rennes Métropole",
        "route": "16b Rue de Clairville",
        "commune": "35120 - Gévezé",
        "type_coupure": "MESURE DVPNO - MJC + OR",
        "cause": "Travaux",
        "priorite": "Moyenne",
        "statut": "Actif",
        "description": "sur réseaux ou ouvrages électriques",
        "date_heure": "2026-09-07T00:00:00+00:00"
      }
    },
    {
      "type": "Feature",
      "geometry": {
        "type": "LineString",
        "coordinates": [
          [
            -1.783782269043399,
            48.22219910689203
          ],
          [
            -1.783554609773874,
            48.22201801299414
          ],
          [
            -1.783292192827293,
            48.22186321560733
          ],
          [
            -1.782954698179242,
            48.22170117841651
          ],
          [
            -1.782473158887093,
            48.2214539169005
          ],
          [
            -1.782278844175863,
            48.221364638571565
          ],
          [
            -1.782093774676032,
            48.22130811429161
          ]
        ]
      },
      "properties": {
        "id": "rm-undefined-15",
        "source": "Rennes Métropole",
        "gestionnaire": "Rennes Métropole",
        "route": "16b Rue de Clairville",
        "commune": "35120 - Gévezé",
        "type_coupure": "MESURE DVPNO - MJC + OR",
        "cause": "Travaux",
        "priorite": "Moyenne",
        "statut": "Actif",
        "description": "sur réseaux ou ouvrages électriques",
        "date_heure": "2026-09-07T00:00:00+00:00"
      }
    },
    {
      "type": "Feature",
      "geometry": {
        "type": "LineString",
        "coordinates": [
          [
            -1.782093774676032,
            48.22130811429161
          ],
          [
            -1.781765849722641,
            48.22124236586194
          ],
          [
            -1.781493498991473,
            48.22124745480985
          ],
          [
            -1.781191201913536,
            48.22129727951244
          ],
          [
            -1.781060163966461,
            48.22134148690852
          ]
        ]
      },
      "properties": {
        "id": "rm-undefined-16",
        "source": "Rennes Métropole",
        "gestionnaire": "Rennes Métropole",
        "route": "16b Rue de Clairville",
        "commune": "35120 - Gévezé",
        "type_coupure": "MESURE DVPNO - MJC + OR",
        "cause": "Travaux",
        "priorite": "Moyenne",
        "statut": "Actif",
        "description": "sur réseaux ou ouvrages électriques",
        "date_heure": "2026-09-07T00:00:00+00:00"
      }
    },
    {
      "type": "Feature",
      "geometry": {
        "type": "LineString",
        "coordinates": [
          [
            -1.775302979143487,
            48.22050723714101
          ],
          [
            -1.775447373456343,
            48.220543440148795
          ],
          [
            -1.775766833156136,
            48.22063891576819
          ]
        ]
      },
      "properties": {
        "id": "rm-undefined-17",
        "source": "Rennes Métropole",
        "gestionnaire": "Rennes Métropole",
        "route": "16b Rue de Clairville",
        "commune": "35120 - Gévezé",
        "type_coupure": "MESURE DVPNO - MJC + OR",
        "cause": "Travaux",
        "priorite": "Moyenne",
        "statut": "Actif",
        "description": "sur réseaux ou ouvrages électriques",
        "date_heure": "2026-09-07T00:00:00+00:00"
      }
    },
    {
      "type": "Feature",
      "geometry": {
        "type": "LineString",
        "coordinates": [
          [
            -1.78002424170869,
            48.22159269771222
          ],
          [
            -1.779806043278426,
            48.22158638787276
          ],
          [
            -1.779523106004726,
            48.22154427505667
          ],
          [
            -1.779219705983316,
            48.22148500313023
          ]
        ]
      },
      "properties": {
        "id": "rm-undefined-18",
        "source": "Rennes Métropole",
        "gestionnaire": "Rennes Métropole",
        "route": "16b Rue de Clairville",
        "commune": "35120 - Gévezé",
        "type_coupure": "MESURE DVPNO - MJC + OR",
        "cause": "Travaux",
        "priorite": "Moyenne",
        "statut": "Actif",
        "description": "sur réseaux ou ouvrages électriques",
        "date_heure": "2026-09-07T00:00:00+00:00"
      }
    },
    {
      "type": "Feature",
      "geometry": {
        "type": "LineString",
        "coordinates": [
          [
            -1.548334236554407,
            48.0433507422938
          ],
          [
            -1.548406134647861,
            48.04322027750938
          ]
        ]
      },
      "properties": {
        "id": "rm-undefined-0",
        "source": "Rennes Métropole",
        "gestionnaire": "Rennes Métropole",
        "route": "Rue des Loges",
        "commune": "35204 - Nouvoitou",
        "type_coupure": "Rétrécissement temporaire de largeur de voie - PLATEFORMES",
        "cause": "Travaux",
        "priorite": "Moyenne",
        "statut": "Actif",
        "description": "sur réseaux ou ouvrages électriques",
        "date_heure": "2026-09-07T00:00:00+00:00"
      }
    },
    {
      "type": "Feature",
      "geometry": {
        "type": "LineString",
        "coordinates": [
          [
            -1.548334236554407,
            48.0433507422938
          ],
          [
            -1.548371337066243,
            48.043495915368105
          ]
        ]
      },
      "properties": {
        "id": "rm-undefined-1",
        "source": "Rennes Métropole",
        "gestionnaire": "Rennes Métropole",
        "route": "Rue des Loges",
        "commune": "35204 - Nouvoitou",
        "type_coupure": "Rétrécissement temporaire de largeur de voie - PLATEFORMES",
        "cause": "Travaux",
        "priorite": "Moyenne",
        "statut": "Actif",
        "description": "sur réseaux ou ouvrages électriques",
        "date_heure": "2026-09-07T00:00:00+00:00"
      }
    },
    {
      "type": "Feature",
      "geometry": {
        "type": "LineString",
        "coordinates": [
          [
            -1.547527082429702,
            48.04326477055182
          ],
          [
            -1.548334236554407,
            48.0433507422938
          ]
        ]
      },
      "properties": {
        "id": "rm-undefined-2",
        "source": "Rennes Métropole",
        "gestionnaire": "Rennes Métropole",
        "route": "Rue des Loges",
        "commune": "35204 - Nouvoitou",
        "type_coupure": "Rétrécissement temporaire de largeur de voie - PLATEFORMES",
        "cause": "Travaux",
        "priorite": "Moyenne",
        "statut": "Actif",
        "description": "sur réseaux ou ouvrages électriques",
        "date_heure": "2026-09-07T00:00:00+00:00"
      }
    },
    {
      "type": "Feature",
      "geometry": {
        "type": "LineString",
        "coordinates": [
          [
            -1.545344055438996,
            48.04313243295745
          ],
          [
            -1.545399649730933,
            48.04318725540494
          ],
          [
            -1.54554663203861,
            48.04325563439833
          ],
          [
            -1.545737159573154,
            48.04327973555604
          ],
          [
            -1.545883650607279,
            48.04326092994836
          ],
          [
            -1.546078184211041,
            48.04321106159097
          ],
          [
            -1.546244649393137,
            48.04317426839909
          ],
          [
            -1.546272216822516,
            48.04317585158015
          ]
        ]
      },
      "properties": {
        "id": "rm-undefined-3",
        "source": "Rennes Métropole",
        "gestionnaire": "Rennes Métropole",
        "route": "Rue des Loges",
        "commune": "35204 - Nouvoitou",
        "type_coupure": "Rétrécissement temporaire de largeur de voie - PLATEFORMES",
        "cause": "Travaux",
        "priorite": "Moyenne",
        "statut": "Actif",
        "description": "sur réseaux ou ouvrages électriques",
        "date_heure": "2026-09-07T00:00:00+00:00"
      }
    },
    {
      "type": "Feature",
      "geometry": {
        "type": "LineString",
        "coordinates": [
          [
            -1.546774072167175,
            48.043187558059834
          ],
          [
            -1.546989016599608,
            48.04320745700153
          ],
          [
            -1.547527082429702,
            48.04326477055182
          ]
        ]
      },
      "properties": {
        "id": "rm-undefined-4",
        "source": "Rennes Métropole",
        "gestionnaire": "Rennes Métropole",
        "route": "Rue des Loges",
        "commune": "35204 - Nouvoitou",
        "type_coupure": "Rétrécissement temporaire de largeur de voie - PLATEFORMES",
        "cause": "Travaux",
        "priorite": "Moyenne",
        "statut": "Actif",
        "description": "sur réseaux ou ouvrages électriques",
        "date_heure": "2026-09-07T00:00:00+00:00"
      }
    },
    {
      "type": "Feature",
      "geometry": {
        "type": "LineString",
        "coordinates": [
          [
            -1.546272216822516,
            48.04317585158015
          ],
          [
            -1.54648332857506,
            48.043160641189615
          ],
          [
            -1.546774072167175,
            48.043187558059834
          ]
        ]
      },
      "properties": {
        "id": "rm-undefined-5",
        "source": "Rennes Métropole",
        "gestionnaire": "Rennes Métropole",
        "route": "Rue des Loges",
        "commune": "35204 - Nouvoitou",
        "type_coupure": "Rétrécissement temporaire de largeur de voie - PLATEFORMES",
        "cause": "Travaux",
        "priorite": "Moyenne",
        "statut": "Actif",
        "description": "sur réseaux ou ouvrages électriques",
        "date_heure": "2026-09-07T00:00:00+00:00"
      }
    },
    {
      "type": "Feature",
      "geometry": {
        "type": "LineString",
        "coordinates": [
          [
            -1.682185246261211,
            48.08561187914483
          ],
          [
            -1.681604491762661,
            48.08560315598548
          ]
        ]
      },
      "properties": {
        "id": "rm-undefined-0",
        "source": "Rennes Métropole",
        "gestionnaire": "Rennes Métropole",
        "route": "Avenue du Canada voie d'accès au collège des Chalais",
        "commune": "35238 - Rennes",
        "type_coupure": "Rétrécissement temporaire de largeur de voie",
        "cause": "Travaux",
        "priorite": "Moyenne",
        "statut": "Actif",
        "description": "sur réseaux ou ouvrages de transport ou distribution de chaleur",
        "date_heure": "2026-09-07T00:00:00+00:00"
      }
    },
    {
      "type": "Feature",
      "geometry": {
        "type": "LineString",
        "coordinates": [
          [
            -1.677286211357336,
            48.10194287189655
          ],
          [
            -1.676636308760421,
            48.10203126093504
          ]
        ]
      },
      "properties": {
        "id": "rm-undefined-0",
        "source": "Rennes Métropole",
        "gestionnaire": "Rennes Métropole",
        "route": "du 20 au 28 Rue Louis Blériot",
        "commune": "35238 - Rennes",
        "type_coupure": "Circulation interdite",
        "cause": "Travaux",
        "priorite": "Moyenne",
        "statut": "Actif",
        "description": "de travaux sur bâtiment",
        "date_heure": "2026-09-08T00:00:00+00:00"
      }
    },
    {
      "type": "Feature",
      "geometry": {
        "type": "LineString",
        "coordinates": [
          [
            -1.656130842224432,
            48.11571655108493
          ],
          [
            -1.656005049964949,
            48.1158708930387
          ]
        ]
      },
      "properties": {
        "id": "rm-undefined-0",
        "source": "Rennes Métropole",
        "gestionnaire": "Rennes Métropole",
        "route": "face au 20bis Rue Danton",
        "commune": "35238 - Rennes",
        "type_coupure": "Interdiction de stationnement",
        "cause": "Travaux",
        "priorite": "Moyenne",
        "statut": "Actif",
        "description": "d'expérimentation d'un contre sens cyclable rue Danton",
        "date_heure": "2026-08-24T00:00:00+00:00"
      }
    },
    {
      "type": "Feature",
      "geometry": {
        "type": "LineString",
        "coordinates": [
          [
            -1.656937663737407,
            48.11472658883224
          ],
          [
            -1.655786404569677,
            48.11613915944042
          ]
        ]
      },
      "properties": {
        "id": "rm-undefined-0",
        "source": "Rennes Métropole",
        "gestionnaire": "Rennes Métropole",
        "route": "Rue Danton, du 2 jusqu'à la Rue Beaumarchais du début vers la fin du segment",
        "commune": "35238 - Rennes",
        "type_coupure": "Mesure libre circulation",
        "cause": "Travaux",
        "priorite": "Moyenne",
        "statut": "Actif",
        "description": "d'expérimentation d'un contre sens cyclable rue Danton",
        "date_heure": "2026-08-24T00:00:00+00:00"
      }
    },
    {
      "type": "Feature",
      "geometry": {
        "type": "LineString",
        "coordinates": [
          [
            -1.652124368588268,
            48.12788155626667
          ],
          [
            -1.652109953955336,
            48.12796191812259
          ],
          [
            -1.652107676398771,
            48.12802398718789
          ],
          [
            -1.652124857570195,
            48.12810818926522
          ]
        ]
      },
      "properties": {
        "id": "rm-undefined-0",
        "source": "Rennes Métropole",
        "gestionnaire": "Rennes Métropole",
        "route": "Avenue des Gayeulles, de la Place Valéry Giscard d'Estaing jusqu'au Square des Gayeulles",
        "commune": "35238 - Rennes",
        "type_coupure": "Interdiction de stationnement",
        "cause": "Travaux",
        "priorite": "Moyenne",
        "statut": "Actif",
        "description": "de réaménagement de voirie",
        "date_heure": "2026-08-24T00:00:00+00:00"
      }
    },
    {
      "type": "Feature",
      "geometry": {
        "type": "LineString",
        "coordinates": [
          [
            -1.652003106998752,
            48.12805584173305
          ],
          [
            -1.652000971106203,
            48.12814585297152
          ],
          [
            -1.6519920225394,
            48.12843712960458
          ]
        ]
      },
      "properties": {
        "id": "rm-undefined-1",
        "source": "Rennes Métropole",
        "gestionnaire": "Rennes Métropole",
        "route": "Avenue des Gayeulles, de la Place Valéry Giscard d'Estaing jusqu'au Square des Gayeulles",
        "commune": "35238 - Rennes",
        "type_coupure": "Interdiction de stationnement",
        "cause": "Travaux",
        "priorite": "Moyenne",
        "statut": "Actif",
        "description": "de réaménagement de voirie",
        "date_heure": "2026-08-24T00:00:00+00:00"
      }
    },
    {
      "type": "Feature",
      "geometry": {
        "type": "LineString",
        "coordinates": [
          [
            -1.652124857570195,
            48.12810818926522
          ],
          [
            -1.652151904294267,
            48.12829581997988
          ],
          [
            -1.652130484616922,
            48.12859321962139
          ]
        ]
      },
      "properties": {
        "id": "rm-undefined-2",
        "source": "Rennes Métropole",
        "gestionnaire": "Rennes Métropole",
        "route": "Avenue des Gayeulles, de la Place Valéry Giscard d'Estaing jusqu'au Square des Gayeulles",
        "commune": "35238 - Rennes",
        "type_coupure": "Interdiction de stationnement",
        "cause": "Travaux",
        "priorite": "Moyenne",
        "statut": "Actif",
        "description": "de réaménagement de voirie",
        "date_heure": "2026-08-24T00:00:00+00:00"
      }
    },
    {
      "type": "Feature",
      "geometry": {
        "type": "LineString",
        "coordinates": [
          [
            -1.652007394195009,
            48.131386554998606
          ],
          [
            -1.651841430421651,
            48.131388146625426
          ]
        ]
      },
      "properties": {
        "id": "rm-undefined-3",
        "source": "Rennes Métropole",
        "gestionnaire": "Rennes Métropole",
        "route": "Avenue des Gayeulles, de la Place Valéry Giscard d'Estaing jusqu'au Square des Gayeulles",
        "commune": "35238 - Rennes",
        "type_coupure": "Interdiction de stationnement",
        "cause": "Travaux",
        "priorite": "Moyenne",
        "statut": "Actif",
        "description": "de réaménagement de voirie",
        "date_heure": "2026-08-24T00:00:00+00:00"
      }
    },
    {
      "type": "Feature",
      "geometry": {
        "type": "LineString",
        "coordinates": [
          [
            -1.6519920225394,
            48.12843712960458
          ],
          [
            -1.651919447598696,
            48.12862519253053
          ],
          [
            -1.651922084561859,
            48.128890103591516
          ]
        ]
      },
      "properties": {
        "id": "rm-undefined-4",
        "source": "Rennes Métropole",
        "gestionnaire": "Rennes Métropole",
        "route": "Avenue des Gayeulles, de la Place Valéry Giscard d'Estaing jusqu'au Square des Gayeulles",
        "commune": "35238 - Rennes",
        "type_coupure": "Interdiction de stationnement",
        "cause": "Travaux",
        "priorite": "Moyenne",
        "statut": "Actif",
        "description": "de réaménagement de voirie",
        "date_heure": "2026-08-24T00:00:00+00:00"
      }
    },
    {
      "type": "Feature",
      "geometry": {
        "type": "LineString",
        "coordinates": [
          [
            -1.6519920225394,
            48.12843712960458
          ],
          [
            -1.651988310465884,
            48.128557957180334
          ],
          [
            -1.652050960088045,
            48.128773455939594
          ],
          [
            -1.652115808211762,
            48.12896534518171
          ]
        ]
      },
      "properties": {
        "id": "rm-undefined-5",
        "source": "Rennes Métropole",
        "gestionnaire": "Rennes Métropole",
        "route": "Avenue des Gayeulles, de la Place Valéry Giscard d'Estaing jusqu'au Square des Gayeulles",
        "commune": "35238 - Rennes",
        "type_coupure": "Interdiction de stationnement",
        "cause": "Travaux",
        "priorite": "Moyenne",
        "statut": "Actif",
        "description": "de réaménagement de voirie",
        "date_heure": "2026-08-24T00:00:00+00:00"
      }
    },
    {
      "type": "Feature",
      "geometry": {
        "type": "LineString",
        "coordinates": [
          [
            -1.652130484616922,
            48.12859321962139
          ],
          [
            -1.652115808211762,
            48.12896534518171
          ]
        ]
      },
      "properties": {
        "id": "rm-undefined-6",
        "source": "Rennes Métropole",
        "gestionnaire": "Rennes Métropole",
        "route": "Avenue des Gayeulles, de la Place Valéry Giscard d'Estaing jusqu'au Square des Gayeulles",
        "commune": "35238 - Rennes",
        "type_coupure": "Interdiction de stationnement",
        "cause": "Travaux",
        "priorite": "Moyenne",
        "statut": "Actif",
        "description": "de réaménagement de voirie",
        "date_heure": "2026-08-24T00:00:00+00:00"
      }
    },
    {
      "type": "Feature",
      "geometry": {
        "type": "LineString",
        "coordinates": [
          [
            -1.652115808211762,
            48.12896534518171
          ],
          [
            -1.652092371922884,
            48.1295240283625
          ]
        ]
      },
      "properties": {
        "id": "rm-undefined-7",
        "source": "Rennes Métropole",
        "gestionnaire": "Rennes Métropole",
        "route": "Avenue des Gayeulles, de la Place Valéry Giscard d'Estaing jusqu'au Square des Gayeulles",
        "commune": "35238 - Rennes",
        "type_coupure": "Interdiction de stationnement",
        "cause": "Travaux",
        "priorite": "Moyenne",
        "statut": "Actif",
        "description": "de réaménagement de voirie",
        "date_heure": "2026-08-24T00:00:00+00:00"
      }
    },
    {
      "type": "Feature",
      "geometry": {
        "type": "LineString",
        "coordinates": [
          [
            -1.651848312666417,
            48.13290700950942
          ],
          [
            -1.651822665397787,
            48.13363997123898
          ],
          [
            -1.651797199503401,
            48.13365921491201
          ],
          [
            -1.651798143990521,
            48.1338675945325
          ]
        ]
      },
      "properties": {
        "id": "rm-undefined-8",
        "source": "Rennes Métropole",
        "gestionnaire": "Rennes Métropole",
        "route": "Avenue des Gayeulles, de la Place Valéry Giscard d'Estaing jusqu'au Square des Gayeulles",
        "commune": "35238 - Rennes",
        "type_coupure": "Interdiction de stationnement",
        "cause": "Travaux",
        "priorite": "Moyenne",
        "statut": "Actif",
        "description": "de réaménagement de voirie",
        "date_heure": "2026-08-24T00:00:00+00:00"
      }
    },
    {
      "type": "Feature",
      "geometry": {
        "type": "LineString",
        "coordinates": [
          [
            -1.652099529666466,
            48.13379900069578
          ],
          [
            -1.652120618867818,
            48.13448159582056
          ],
          [
            -1.652098976896814,
            48.13462510756533
          ],
          [
            -1.652116218629004,
            48.13501898094391
          ]
        ]
      },
      "properties": {
        "id": "rm-undefined-9",
        "source": "Rennes Métropole",
        "gestionnaire": "Rennes Métropole",
        "route": "Avenue des Gayeulles, de la Place Valéry Giscard d'Estaing jusqu'au Square des Gayeulles",
        "commune": "35238 - Rennes",
        "type_coupure": "Interdiction de stationnement",
        "cause": "Travaux",
        "priorite": "Moyenne",
        "statut": "Actif",
        "description": "de réaménagement de voirie",
        "date_heure": "2026-08-24T00:00:00+00:00"
      }
    },
    {
      "type": "Feature",
      "geometry": {
        "type": "LineString",
        "coordinates": [
          [
            -1.651798143990521,
            48.1338675945325
          ],
          [
            -1.651827722651459,
            48.13392208252007
          ],
          [
            -1.651859924755536,
            48.13405283126565
          ],
          [
            -1.651862269861807,
            48.13407881647855
          ]
        ]
      },
      "properties": {
        "id": "rm-undefined-10",
        "source": "Rennes Métropole",
        "gestionnaire": "Rennes Métropole",
        "route": "Avenue des Gayeulles, de la Place Valéry Giscard d'Estaing jusqu'au Square des Gayeulles",
        "commune": "35238 - Rennes",
        "type_coupure": "Interdiction de stationnement",
        "cause": "Travaux",
        "priorite": "Moyenne",
        "statut": "Actif",
        "description": "de réaménagement de voirie",
        "date_heure": "2026-08-24T00:00:00+00:00"
      }
    },
    {
      "type": "Feature",
      "geometry": {
        "type": "LineString",
        "coordinates": [
          [
            -1.651862269861807,
            48.13407881647855
          ],
          [
            -1.651769019523745,
            48.134083144228434
          ]
        ]
      },
      "properties": {
        "id": "rm-undefined-11",
        "source": "Rennes Métropole",
        "gestionnaire": "Rennes Métropole",
        "route": "Avenue des Gayeulles, de la Place Valéry Giscard d'Estaing jusqu'au Square des Gayeulles",
        "commune": "35238 - Rennes",
        "type_coupure": "Interdiction de stationnement",
        "cause": "Travaux",
        "priorite": "Moyenne",
        "statut": "Actif",
        "description": "de réaménagement de voirie",
        "date_heure": "2026-08-24T00:00:00+00:00"
      }
    },
    {
      "type": "Feature",
      "geometry": {
        "type": "LineString",
        "coordinates": [
          [
            -1.651862269861807,
            48.13407881647855
          ],
          [
            -1.651902098219431,
            48.13452013503417
          ],
          [
            -1.651860173490529,
            48.13465843437346
          ],
          [
            -1.651884977515602,
            48.13490812646838
          ]
        ]
      },
      "properties": {
        "id": "rm-undefined-12",
        "source": "Rennes Métropole",
        "gestionnaire": "Rennes Métropole",
        "route": "Avenue des Gayeulles, de la Place Valéry Giscard d'Estaing jusqu'au Square des Gayeulles",
        "commune": "35238 - Rennes",
        "type_coupure": "Interdiction de stationnement",
        "cause": "Travaux",
        "priorite": "Moyenne",
        "statut": "Actif",
        "description": "de réaménagement de voirie",
        "date_heure": "2026-08-24T00:00:00+00:00"
      }
    },
    {
      "type": "Feature",
      "geometry": {
        "type": "LineString",
        "coordinates": [
          [
            -1.651884977515602,
            48.13490812646838
          ],
          [
            -1.651794721010406,
            48.13491057786323
          ]
        ]
      },
      "properties": {
        "id": "rm-undefined-13",
        "source": "Rennes Métropole",
        "gestionnaire": "Rennes Métropole",
        "route": "Avenue des Gayeulles, de la Place Valéry Giscard d'Estaing jusqu'au Square des Gayeulles",
        "commune": "35238 - Rennes",
        "type_coupure": "Interdiction de stationnement",
        "cause": "Travaux",
        "priorite": "Moyenne",
        "statut": "Actif",
        "description": "de réaménagement de voirie",
        "date_heure": "2026-08-24T00:00:00+00:00"
      }
    },
    {
      "type": "Feature",
      "geometry": {
        "type": "LineString",
        "coordinates": [
          [
            -1.651884977515602,
            48.13490812646838
          ],
          [
            -1.651897341442779,
            48.13503259425925
          ]
        ]
      },
      "properties": {
        "id": "rm-undefined-14",
        "source": "Rennes Métropole",
        "gestionnaire": "Rennes Métropole",
        "route": "Avenue des Gayeulles, de la Place Valéry Giscard d'Estaing jusqu'au Square des Gayeulles",
        "commune": "35238 - Rennes",
        "type_coupure": "Interdiction de stationnement",
        "cause": "Travaux",
        "priorite": "Moyenne",
        "statut": "Actif",
        "description": "de réaménagement de voirie",
        "date_heure": "2026-08-24T00:00:00+00:00"
      }
    },
    {
      "type": "Feature",
      "geometry": {
        "type": "LineString",
        "coordinates": [
          [
            -1.651841430421651,
            48.131388146625426
          ],
          [
            -1.651869441468501,
            48.13053904141453
          ]
        ]
      },
      "properties": {
        "id": "rm-undefined-15",
        "source": "Rennes Métropole",
        "gestionnaire": "Rennes Métropole",
        "route": "Avenue des Gayeulles, de la Place Valéry Giscard d'Estaing jusqu'au Square des Gayeulles",
        "commune": "35238 - Rennes",
        "type_coupure": "Interdiction de stationnement",
        "cause": "Travaux",
        "priorite": "Moyenne",
        "statut": "Actif",
        "description": "de réaménagement de voirie",
        "date_heure": "2026-08-24T00:00:00+00:00"
      }
    },
    {
      "type": "Feature",
      "geometry": {
        "type": "LineString",
        "coordinates": [
          [
            -1.652007394195009,
            48.131386554998606
          ],
          [
            -1.652054051445726,
            48.13046577457292
          ]
        ]
      },
      "properties": {
        "id": "rm-undefined-16",
        "source": "Rennes Métropole",
        "gestionnaire": "Rennes Métropole",
        "route": "Avenue des Gayeulles, de la Place Valéry Giscard d'Estaing jusqu'au Square des Gayeulles",
        "commune": "35238 - Rennes",
        "type_coupure": "Interdiction de stationnement",
        "cause": "Travaux",
        "priorite": "Moyenne",
        "statut": "Actif",
        "description": "de réaménagement de voirie",
        "date_heure": "2026-08-24T00:00:00+00:00"
      }
    },
    {
      "type": "Feature",
      "geometry": {
        "type": "LineString",
        "coordinates": [
          [
            -1.676360272540268,
            48.10971453908447
          ],
          [
            -1.676351865195856,
            48.10966449324424
          ]
        ]
      },
      "properties": {
        "id": "rm-undefined-0",
        "source": "Rennes Métropole",
        "gestionnaire": "Rennes Métropole",
        "route": "face au 4 Rue Capitaine Alfred Dreyfus,3 Rue Toullier",
        "commune": "35238 - Rennes",
        "type_coupure": "Interdiction de stationnement",
        "cause": "Travaux",
        "priorite": "Moyenne",
        "statut": "Actif",
        "description": "sur réseaux ou ouvrages électriques",
        "date_heure": "2026-09-07T00:00:00+00:00"
      }
    },
    {
      "type": "Feature",
      "geometry": {
        "type": "LineString",
        "coordinates": [
          [
            -1.676069862194954,
            48.10936888486402
          ],
          [
            -1.676038383584142,
            48.10936923697293
          ]
        ]
      },
      "properties": {
        "id": "rm-undefined-1",
        "source": "Rennes Métropole",
        "gestionnaire": "Rennes Métropole",
        "route": "face au 4 Rue Capitaine Alfred Dreyfus,3 Rue Toullier",
        "commune": "35238 - Rennes",
        "type_coupure": "Interdiction de stationnement",
        "cause": "Travaux",
        "priorite": "Moyenne",
        "statut": "Actif",
        "description": "sur réseaux ou ouvrages électriques",
        "date_heure": "2026-09-07T00:00:00+00:00"
      }
    },
    {
      "type": "Feature",
      "geometry": {
        "type": "LineString",
        "coordinates": [
          [
            -1.654265908012471,
            48.15051754956415
          ],
          [
            -1.654502489237989,
            48.15094724249168
          ]
        ]
      },
      "properties": {
        "id": "rm-undefined-0",
        "source": "Rennes Métropole",
        "gestionnaire": "Rennes Métropole",
        "route": "Rue des Sources",
        "commune": "35278 - Saint-Grégoire",
        "type_coupure": "Interdiction de stationnement",
        "cause": "Travaux",
        "priorite": "Moyenne",
        "statut": "Actif",
        "description": "aménagement d'une plateforme pour base vie chantier suppression PN4",
        "date_heure": "2025-09-22T00:00:00+00:00"
      }
    },
    {
      "type": "Feature",
      "geometry": {
        "type": "LineString",
        "coordinates": [
          [
            -1.686417974691894,
            48.11007461835952
          ],
          [
            -1.692876415557125,
            48.108597232364346
          ]
        ]
      },
      "properties": {
        "id": "rm-undefined-0",
        "source": "Rennes Métropole",
        "gestionnaire": "Rennes Métropole",
        "route": "Mail François Mitterrand, du Quai d'Ille et Rance jusqu'à la Rue Vaneau et seulement la voie de circulation générale.",
        "commune": "35238 - Rennes",
        "type_coupure": "Interdiction de stationnement",
        "cause": "Travaux",
        "priorite": "Moyenne",
        "statut": "Actif",
        "description": "sur réseaux ou ouvrages d'eau potable",
        "date_heure": "2026-07-09T00:00:00+00:00"
      }
    },
    {
      "type": "Feature",
      "geometry": {
        "type": "LineString",
        "coordinates": [
          [
            -1.861292376886416,
            48.247469735960365
          ],
          [
            -1.859012083028386,
            48.24721633482508
          ],
          [
            -1.857602995488424,
            48.24706499426186
          ],
          [
            -1.857201446101287,
            48.246994658719096
          ],
          [
            -1.856921153647998,
            48.246919213914424
          ],
          [
            -1.856724586669618,
            48.246843084265585
          ],
          [
            -1.856460520308078,
            48.246719360973245
          ],
          [
            -1.855643897505693,
            48.246309553112056
          ]
        ]
      },
      "properties": {
        "id": "rm-undefined-0",
        "source": "Rennes Métropole",
        "gestionnaire": "Rennes Métropole",
        "route": "au droit du 6 la Marianllais",
        "commune": "35144 - Langan",
        "type_coupure": "MESURE DVPNO - MJC + OR",
        "cause": "Travaux",
        "priorite": "Moyenne",
        "statut": "Actif",
        "description": "sur réseaux ou ouvrages de fibre optique",
        "date_heure": "2026-09-04T00:00:00+00:00"
      }
    },
    {
      "type": "Feature",
      "geometry": {
        "type": "LineString",
        "coordinates": [
          [
            -1.632783823947733,
            48.11412314361312
          ],
          [
            -1.6326446841464,
            48.114118894093714
          ]
        ]
      },
      "properties": {
        "id": "rm-undefined-0",
        "source": "Rennes Métropole",
        "gestionnaire": "Rennes Métropole",
        "route": "Rue de Rennes sur le parking à côté du n°94",
        "commune": "35051 - Cesson-Sévigné",
        "type_coupure": "Interdiction de stationnement",
        "cause": "Travaux",
        "priorite": "Moyenne",
        "statut": "Actif",
        "description": "d'installation de chantier",
        "date_heure": "2026-09-04T00:00:00+00:00"
      }
    },
    {
      "type": "Feature",
      "geometry": {
        "type": "LineString",
        "coordinates": [
          [
            -1.679313103807359,
            48.11241123691579
          ],
          [
            -1.67938236520417,
            48.11370236256076
          ]
        ]
      },
      "properties": {
        "id": "rm-undefined-0",
        "source": "Rennes Métropole",
        "gestionnaire": "Rennes Métropole",
        "route": "Rue Le Bastard et rue d'Estrée",
        "commune": "35238 - Rennes",
        "type_coupure": "Circulation interdite",
        "cause": "Travaux",
        "priorite": "Moyenne",
        "statut": "Actif",
        "description": "dépose ciel de rue",
        "date_heure": "2026-09-07T00:00:00+00:00"
      }
    },
    {
      "type": "Feature",
      "geometry": {
        "type": "LineString",
        "coordinates": [
          [
            -1.94589401779824,
            48.29484759691414
          ],
          [
            -1.945853632926434,
            48.29495460629138
          ]
        ]
      },
      "properties": {
        "id": "rm-undefined-0",
        "source": "Rennes Métropole",
        "gestionnaire": "Rennes Métropole",
        "route": "27 Rue de la Libération",
        "commune": "35022 - Bécherel",
        "type_coupure": "MESURE DVPNO - MJC + OR",
        "cause": "Travaux",
        "priorite": "Moyenne",
        "statut": "Actif",
        "description": "sur réseaux ou ouvrages d'éclairage public",
        "date_heure": "2026-09-07T00:00:00+00:00"
      }
    },
    {
      "type": "Feature",
      "geometry": {
        "type": "LineString",
        "coordinates": [
          [
            -1.945582352965401,
            48.29565587819937
          ],
          [
            -1.945473011740624,
            48.29595936519514
          ]
        ]
      },
      "properties": {
        "id": "rm-undefined-1",
        "source": "Rennes Métropole",
        "gestionnaire": "Rennes Métropole",
        "route": "27 Rue de la Libération",
        "commune": "35022 - Bécherel",
        "type_coupure": "MESURE DVPNO - MJC + OR",
        "cause": "Travaux",
        "priorite": "Moyenne",
        "statut": "Actif",
        "description": "sur réseaux ou ouvrages d'éclairage public",
        "date_heure": "2026-09-07T00:00:00+00:00"
      }
    },
    {
      "type": "Feature",
      "geometry": {
        "type": "LineString",
        "coordinates": [
          [
            -1.945853632926434,
            48.29495460629138
          ],
          [
            -1.945803049580285,
            48.295054952903634
          ]
        ]
      },
      "properties": {
        "id": "rm-undefined-2",
        "source": "Rennes Métropole",
        "gestionnaire": "Rennes Métropole",
        "route": "27 Rue de la Libération",
        "commune": "35022 - Bécherel",
        "type_coupure": "MESURE DVPNO - MJC + OR",
        "cause": "Travaux",
        "priorite": "Moyenne",
        "statut": "Actif",
        "description": "sur réseaux ou ouvrages d'éclairage public",
        "date_heure": "2026-09-07T00:00:00+00:00"
      }
    },
    {
      "type": "Feature",
      "geometry": {
        "type": "LineString",
        "coordinates": [
          [
            -1.945151193395396,
            48.29632850004264
          ],
          [
            -1.945004884567709,
            48.296424031971696
          ],
          [
            -1.944653354765026,
            48.296584888949916
          ],
          [
            -1.944579196173278,
            48.296616245296164
          ]
        ]
      },
      "properties": {
        "id": "rm-undefined-3",
        "source": "Rennes Métropole",
        "gestionnaire": "Rennes Métropole",
        "route": "27 Rue de la Libération",
        "commune": "35022 - Bécherel",
        "type_coupure": "MESURE DVPNO - MJC + OR",
        "cause": "Travaux",
        "priorite": "Moyenne",
        "statut": "Actif",
        "description": "sur réseaux ou ouvrages d'éclairage public",
        "date_heure": "2026-09-07T00:00:00+00:00"
      }
    },
    {
      "type": "Feature",
      "geometry": {
        "type": "LineString",
        "coordinates": [
          [
            -1.945473011740624,
            48.29595936519514
          ],
          [
            -1.945355373134216,
            48.29613899822178
          ],
          [
            -1.945238106181914,
            48.29626641858553
          ],
          [
            -1.945151193395396,
            48.29632850004264
          ]
        ]
      },
      "properties": {
        "id": "rm-undefined-4",
        "source": "Rennes Métropole",
        "gestionnaire": "Rennes Métropole",
        "route": "27 Rue de la Libération",
        "commune": "35022 - Bécherel",
        "type_coupure": "MESURE DVPNO - MJC + OR",
        "cause": "Travaux",
        "priorite": "Moyenne",
        "statut": "Actif",
        "description": "sur réseaux ou ouvrages d'éclairage public",
        "date_heure": "2026-09-07T00:00:00+00:00"
      }
    },
    {
      "type": "Feature",
      "geometry": {
        "type": "LineString",
        "coordinates": [
          [
            -1.947179635868108,
            48.29369201859221
          ],
          [
            -1.946984042894907,
            48.2937807139367
          ]
        ]
      },
      "properties": {
        "id": "rm-undefined-5",
        "source": "Rennes Métropole",
        "gestionnaire": "Rennes Métropole",
        "route": "27 Rue de la Libération",
        "commune": "35022 - Bécherel",
        "type_coupure": "MESURE DVPNO - MJC + OR",
        "cause": "Travaux",
        "priorite": "Moyenne",
        "statut": "Actif",
        "description": "sur réseaux ou ouvrages d'éclairage public",
        "date_heure": "2026-09-07T00:00:00+00:00"
      }
    },
    {
      "type": "Feature",
      "geometry": {
        "type": "LineString",
        "coordinates": [
          [
            -1.946984042894907,
            48.2937807139367
          ],
          [
            -1.94663558865889,
            48.29393660120449
          ],
          [
            -1.946233282796833,
            48.294158961843074
          ]
        ]
      },
      "properties": {
        "id": "rm-undefined-6",
        "source": "Rennes Métropole",
        "gestionnaire": "Rennes Métropole",
        "route": "27 Rue de la Libération",
        "commune": "35022 - Bécherel",
        "type_coupure": "MESURE DVPNO - MJC + OR",
        "cause": "Travaux",
        "priorite": "Moyenne",
        "statut": "Actif",
        "description": "sur réseaux ou ouvrages d'éclairage public",
        "date_heure": "2026-09-07T00:00:00+00:00"
      }
    },
    {
      "type": "Feature",
      "geometry": {
        "type": "LineString",
        "coordinates": [
          [
            -1.944106475871122,
            48.2967979106816
          ],
          [
            -1.942988754249232,
            48.29728114502728
          ],
          [
            -1.942795697861843,
            48.29735792850474
          ]
        ]
      },
      "properties": {
        "id": "rm-undefined-7",
        "source": "Rennes Métropole",
        "gestionnaire": "Rennes Métropole",
        "route": "27 Rue de la Libération",
        "commune": "35022 - Bécherel",
        "type_coupure": "MESURE DVPNO - MJC + OR",
        "cause": "Travaux",
        "priorite": "Moyenne",
        "statut": "Actif",
        "description": "sur réseaux ou ouvrages d'éclairage public",
        "date_heure": "2026-09-07T00:00:00+00:00"
      }
    },
    {
      "type": "Feature",
      "geometry": {
        "type": "LineString",
        "coordinates": [
          [
            -1.945803049580285,
            48.295054952903634
          ],
          [
            -1.945582352965401,
            48.29565587819937
          ]
        ]
      },
      "properties": {
        "id": "rm-undefined-8",
        "source": "Rennes Métropole",
        "gestionnaire": "Rennes Métropole",
        "route": "27 Rue de la Libération",
        "commune": "35022 - Bécherel",
        "type_coupure": "MESURE DVPNO - MJC + OR",
        "cause": "Travaux",
        "priorite": "Moyenne",
        "statut": "Actif",
        "description": "sur réseaux ou ouvrages d'éclairage public",
        "date_heure": "2026-09-07T00:00:00+00:00"
      }
    },
    {
      "type": "Feature",
      "geometry": {
        "type": "LineString",
        "coordinates": [
          [
            -1.946233282796833,
            48.294158961843074
          ],
          [
            -1.946091738981018,
            48.2943577184296
          ],
          [
            -1.945992376470553,
            48.294586966736915
          ],
          [
            -1.94589401779824,
            48.29484759691414
          ]
        ]
      },
      "properties": {
        "id": "rm-undefined-9",
        "source": "Rennes Métropole",
        "gestionnaire": "Rennes Métropole",
        "route": "27 Rue de la Libération",
        "commune": "35022 - Bécherel",
        "type_coupure": "MESURE DVPNO - MJC + OR",
        "cause": "Travaux",
        "priorite": "Moyenne",
        "statut": "Actif",
        "description": "sur réseaux ou ouvrages d'éclairage public",
        "date_heure": "2026-09-07T00:00:00+00:00"
      }
    },
    {
      "type": "Feature",
      "geometry": {
        "type": "LineString",
        "coordinates": [
          [
            -1.942795697861843,
            48.29735792850474
          ],
          [
            -1.942253832147483,
            48.29757343944686
          ]
        ]
      },
      "properties": {
        "id": "rm-undefined-10",
        "source": "Rennes Métropole",
        "gestionnaire": "Rennes Métropole",
        "route": "27 Rue de la Libération",
        "commune": "35022 - Bécherel",
        "type_coupure": "MESURE DVPNO - MJC + OR",
        "cause": "Travaux",
        "priorite": "Moyenne",
        "statut": "Actif",
        "description": "sur réseaux ou ouvrages d'éclairage public",
        "date_heure": "2026-09-07T00:00:00+00:00"
      }
    },
    {
      "type": "Feature",
      "geometry": {
        "type": "LineString",
        "coordinates": [
          [
            -1.944579196173278,
            48.296616245296164
          ],
          [
            -1.944344472568181,
            48.2967154924839
          ],
          [
            -1.944106475871122,
            48.2967979106816
          ]
        ]
      },
      "properties": {
        "id": "rm-undefined-11",
        "source": "Rennes Métropole",
        "gestionnaire": "Rennes Métropole",
        "route": "27 Rue de la Libération",
        "commune": "35022 - Bécherel",
        "type_coupure": "MESURE DVPNO - MJC + OR",
        "cause": "Travaux",
        "priorite": "Moyenne",
        "statut": "Actif",
        "description": "sur réseaux ou ouvrages d'éclairage public",
        "date_heure": "2026-09-07T00:00:00+00:00"
      }
    },
    {
      "type": "Feature",
      "geometry": {
        "type": "LineString",
        "coordinates": [
          [
            -1.686777166319869,
            48.12273719794275
          ],
          [
            -1.685565791089564,
            48.122673922878825
          ]
        ]
      },
      "properties": {
        "id": "rm-undefined-0",
        "source": "Rennes Métropole",
        "gestionnaire": "Rennes Métropole",
        "route": "Rue de Coëtlogon, du Boulevard de Verdun jusqu'à la Rue Jean-Louis Pindy",
        "commune": "35238 - Rennes",
        "type_coupure": "Interdiction de stationnement",
        "cause": "Travaux",
        "priorite": "Moyenne",
        "statut": "Actif",
        "description": "sur réseaux ou ouvrages de transport ou distribution de chaleur",
        "date_heure": "2026-08-31T00:00:00+00:00"
      }
    },
    {
      "type": "Feature",
      "geometry": {
        "type": "LineString",
        "coordinates": [
          [
            -1.687570481849522,
            48.0980728378443
          ],
          [
            -1.68745679875685,
            48.0980536928241
          ]
        ]
      },
      "properties": {
        "id": "rm-undefined-0",
        "source": "Rennes Métropole",
        "gestionnaire": "Rennes Métropole",
        "route": "du 6 au 8 Rue du Puits Jacob",
        "commune": "35238 - Rennes",
        "type_coupure": "Interdiction de stationnement",
        "cause": "Travaux",
        "priorite": "Moyenne",
        "statut": "Actif",
        "description": "sur réseaux ou ouvrages électriques",
        "date_heure": "2026-08-31T00:00:00+00:00"
      }
    },
    {
      "type": "Feature",
      "geometry": {
        "type": "LineString",
        "coordinates": [
          [
            -1.698045082439038,
            48.13511939894517
          ],
          [
            -1.698778082651468,
            48.13478464506579
          ],
          [
            -1.698969416881268,
            48.1346941053207
          ],
          [
            -1.699108494993924,
            48.13453188119883
          ],
          [
            -1.699211405604215,
            48.13444176864689
          ],
          [
            -1.699329314185891,
            48.13439113438345
          ],
          [
            -1.699979876969511,
            48.134307284343386
          ],
          [
            -1.700276624856707,
            48.13427226960708
          ],
          [
            -1.700748236111062,
            48.13421662020757
          ],
          [
            -1.700877835711348,
            48.134201327294235
          ],
          [
            -1.701489786278674,
            48.134129114279276
          ],
          [
            -1.702147422839544,
            48.134049557225005
          ],
          [
            -1.702467666460377,
            48.13401081456299
          ],
          [
            -1.70252591221606,
            48.13400376796655
          ],
          [
            -1.70260864546289,
            48.133973658595856
          ],
          [
            -1.703206741362794,
            48.13345324596689
          ]
        ]
      },
      "properties": {
        "id": "rm-undefined-0",
        "source": "Rennes Métropole",
        "gestionnaire": "Rennes Métropole",
        "route": "sur la piste cyclable Avenue Jacqueline de Romilly, de l'Avenue Germaine Dulac jusqu'à l'Avenue André Malraux",
        "commune": "35238 - Rennes",
        "type_coupure": "Circulation interdite",
        "cause": "Travaux",
        "priorite": "Moyenne",
        "statut": "Actif",
        "description": "",
        "date_heure": "2024-12-31T00:00:00+00:00"
      }
    },
    {
      "type": "Feature",
      "geometry": {
        "type": "LineString",
        "coordinates": [
          [
            -1.677162592594822,
            48.11018053868772
          ],
          [
            -1.677807418288888,
            48.11018183922593
          ]
        ]
      },
      "properties": {
        "id": "rm-undefined-0",
        "source": "Rennes Métropole",
        "gestionnaire": "Rennes Métropole",
        "route": "Quai Chateaubriand, du 5 jusqu'à la Rue Jean Jaurès",
        "commune": "35238 - Rennes",
        "type_coupure": "Interdiction de stationnement",
        "cause": "Travaux",
        "priorite": "Moyenne",
        "statut": "Actif",
        "description": "sur réseaux ou ouvrages de télécommunications",
        "date_heure": "2026-07-31T00:00:00+00:00"
      }
    },
    {
      "type": "Feature",
      "geometry": {
        "type": "LineString",
        "coordinates": [
          [
            -1.7271124340815,
            48.08525165151193
          ],
          [
            -1.728017206311552,
            48.08495255976669
          ],
          [
            -1.728123706188863,
            48.08491979746163
          ]
        ]
      },
      "properties": {
        "id": "rm-undefined-0",
        "source": "Rennes Métropole",
        "gestionnaire": "Rennes Métropole",
        "route": "Boulevard de la Haie des Cognets, Avenue de Bellevue, Rue de la Buhotière",
        "commune": "35238 - Rennes, 35281 - Saint-Jacques-de-la-Lande",
        "type_coupure": "Circulation interdite",
        "cause": "Travaux",
        "priorite": "Moyenne",
        "statut": "Actif",
        "description": "sur réseaux ou ouvrages d'eaux usées / assainissement",
        "date_heure": "2026-02-16T00:00:00+00:00"
      }
    },
    {
      "type": "Feature",
      "geometry": {
        "type": "LineString",
        "coordinates": [
          [
            -1.730702159492693,
            48.08343898153581
          ],
          [
            -1.731367637114161,
            48.08313378109691
          ],
          [
            -1.731680202188277,
            48.08298654935699
          ],
          [
            -1.732018286075877,
            48.08283242391035
          ],
          [
            -1.732300859963284,
            48.082700445829005
          ],
          [
            -1.732827545455905,
            48.082454428628175
          ],
          [
            -1.733504688894544,
            48.08213795055688
          ],
          [
            -1.733920879994898,
            48.08194204627026
          ],
          [
            -1.734223541468798,
            48.0818010569422
          ],
          [
            -1.734595419309716,
            48.081616322051836
          ],
          [
            -1.734650373246919,
            48.081589022883556
          ]
        ]
      },
      "properties": {
        "id": "rm-undefined-1",
        "source": "Rennes Métropole",
        "gestionnaire": "Rennes Métropole",
        "route": "Boulevard de la Haie des Cognets, Avenue de Bellevue, Rue de la Buhotière",
        "commune": "35238 - Rennes, 35281 - Saint-Jacques-de-la-Lande",
        "type_coupure": "Circulation interdite",
        "cause": "Travaux",
        "priorite": "Moyenne",
        "statut": "Actif",
        "description": "sur réseaux ou ouvrages d'eaux usées / assainissement",
        "date_heure": "2026-02-16T00:00:00+00:00"
      }
    },
    {
      "type": "Feature",
      "geometry": {
        "type": "LineString",
        "coordinates": [
          [
            -1.742076527323635,
            48.07769510728574
          ],
          [
            -1.742138565626954,
            48.077661679715746
          ]
        ]
      },
      "properties": {
        "id": "rm-undefined-2",
        "source": "Rennes Métropole",
        "gestionnaire": "Rennes Métropole",
        "route": "Boulevard de la Haie des Cognets, Avenue de Bellevue, Rue de la Buhotière",
        "commune": "35238 - Rennes, 35281 - Saint-Jacques-de-la-Lande",
        "type_coupure": "Circulation interdite",
        "cause": "Travaux",
        "priorite": "Moyenne",
        "statut": "Actif",
        "description": "sur réseaux ou ouvrages d'eaux usées / assainissement",
        "date_heure": "2026-02-16T00:00:00+00:00"
      }
    },
    {
      "type": "Feature",
      "geometry": {
        "type": "LineString",
        "coordinates": [
          [
            -1.735381071296358,
            48.0811936677818
          ],
          [
            -1.735435211612431,
            48.0812694163222
          ],
          [
            -1.73564614356993,
            48.081505472703476
          ],
          [
            -1.735820893172222,
            48.08174524493231
          ]
        ]
      },
      "properties": {
        "id": "rm-undefined-3",
        "source": "Rennes Métropole",
        "gestionnaire": "Rennes Métropole",
        "route": "Boulevard de la Haie des Cognets, Avenue de Bellevue, Rue de la Buhotière",
        "commune": "35238 - Rennes, 35281 - Saint-Jacques-de-la-Lande",
        "type_coupure": "Circulation interdite",
        "cause": "Travaux",
        "priorite": "Moyenne",
        "statut": "Actif",
        "description": "sur réseaux ou ouvrages d'eaux usées / assainissement",
        "date_heure": "2026-02-16T00:00:00+00:00"
      }
    },
    {
      "type": "Feature",
      "geometry": {
        "type": "LineString",
        "coordinates": [
          [
            -1.73979667041509,
            48.078868140225254
          ],
          [
            -1.74095759142246,
            48.07826351130862
          ],
          [
            -1.741205919194564,
            48.078134091031274
          ],
          [
            -1.742027208026647,
            48.077721682192916
          ],
          [
            -1.742076527323635,
            48.07769510728574
          ]
        ]
      },
      "properties": {
        "id": "rm-undefined-4",
        "source": "Rennes Métropole",
        "gestionnaire": "Rennes Métropole",
        "route": "Boulevard de la Haie des Cognets, Avenue de Bellevue, Rue de la Buhotière",
        "commune": "35238 - Rennes, 35281 - Saint-Jacques-de-la-Lande",
        "type_coupure": "Circulation interdite",
        "cause": "Travaux",
        "priorite": "Moyenne",
        "statut": "Actif",
        "description": "sur réseaux ou ouvrages d'eaux usées / assainissement",
        "date_heure": "2026-02-16T00:00:00+00:00"
      }
    },
    {
      "type": "Feature",
      "geometry": {
        "type": "LineString",
        "coordinates": [
          [
            -1.735381071296358,
            48.0811936677818
          ],
          [
            -1.735920329350372,
            48.08091079639037
          ],
          [
            -1.736379795596187,
            48.08067366570465
          ],
          [
            -1.737432358901208,
            48.080116777221164
          ],
          [
            -1.738695763587443,
            48.07944953380763
          ],
          [
            -1.739781761206101,
            48.078876013786065
          ],
          [
            -1.73979667041509,
            48.078868140225254
          ]
        ]
      },
      "properties": {
        "id": "rm-undefined-5",
        "source": "Rennes Métropole",
        "gestionnaire": "Rennes Métropole",
        "route": "Boulevard de la Haie des Cognets, Avenue de Bellevue, Rue de la Buhotière",
        "commune": "35238 - Rennes, 35281 - Saint-Jacques-de-la-Lande",
        "type_coupure": "Circulation interdite",
        "cause": "Travaux",
        "priorite": "Moyenne",
        "statut": "Actif",
        "description": "sur réseaux ou ouvrages d'eaux usées / assainissement",
        "date_heure": "2026-02-16T00:00:00+00:00"
      }
    },
    {
      "type": "Feature",
      "geometry": {
        "type": "LineString",
        "coordinates": [
          [
            -1.72886821408603,
            48.08462222614254
          ],
          [
            -1.729052103181832,
            48.084526007197184
          ],
          [
            -1.729169364361914,
            48.08445935067911
          ],
          [
            -1.729353630673467,
            48.08433936855855
          ],
          [
            -1.72984153508338,
            48.08398708878897
          ],
          [
            -1.730042703471143,
            48.08383869769852
          ],
          [
            -1.730244174903769,
            48.083702322742866
          ],
          [
            -1.73038731019496,
            48.08361771194619
          ],
          [
            -1.730589549428218,
            48.083502299835814
          ],
          [
            -1.730681132010742,
            48.083449208875926
          ],
          [
            -1.730702159492693,
            48.08343898153581
          ]
        ]
      },
      "properties": {
        "id": "rm-undefined-6",
        "source": "Rennes Métropole",
        "gestionnaire": "Rennes Métropole",
        "route": "Boulevard de la Haie des Cognets, Avenue de Bellevue, Rue de la Buhotière",
        "commune": "35238 - Rennes, 35281 - Saint-Jacques-de-la-Lande",
        "type_coupure": "Circulation interdite",
        "cause": "Travaux",
        "priorite": "Moyenne",
        "statut": "Actif",
        "description": "sur réseaux ou ouvrages d'eaux usées / assainissement",
        "date_heure": "2026-02-16T00:00:00+00:00"
      }
    },
    {
      "type": "Feature",
      "geometry": {
        "type": "LineString",
        "coordinates": [
          [
            -1.726061788687857,
            48.08587402141525
          ],
          [
            -1.726157148223187,
            48.08591075082913
          ],
          [
            -1.726233050732309,
            48.085933923809215
          ],
          [
            -1.726353317988254,
            48.08596821577285
          ],
          [
            -1.726479977359752,
            48.08600499942906
          ],
          [
            -1.726562513436428,
            48.08602562046128
          ],
          [
            -1.726599096823628,
            48.08603229344507
          ],
          [
            -1.726633834099883,
            48.08603584429256
          ],
          [
            -1.726669784726825,
            48.08603574257097
          ],
          [
            -1.726725057624615,
            48.086033469213554
          ],
          [
            -1.726780913039278,
            48.08602635361247
          ],
          [
            -1.726839526440112,
            48.08601568138745
          ],
          [
            -1.726878753466627,
            48.086006495872404
          ]
        ]
      },
      "properties": {
        "id": "rm-undefined-7",
        "source": "Rennes Métropole",
        "gestionnaire": "Rennes Métropole",
        "route": "Boulevard de la Haie des Cognets, Avenue de Bellevue, Rue de la Buhotière",
        "commune": "35238 - Rennes, 35281 - Saint-Jacques-de-la-Lande",
        "type_coupure": "Circulation interdite",
        "cause": "Travaux",
        "priorite": "Moyenne",
        "statut": "Actif",
        "description": "sur réseaux ou ouvrages d'eaux usées / assainissement",
        "date_heure": "2026-02-16T00:00:00+00:00"
      }
    },
    {
      "type": "Feature",
      "geometry": {
        "type": "LineString",
        "coordinates": [
          [
            -1.726061788687857,
            48.08587402141525
          ],
          [
            -1.726083708597037,
            48.085848939486205
          ],
          [
            -1.726157834470263,
            48.0857765972231
          ],
          [
            -1.726222141922347,
            48.08572079493991
          ],
          [
            -1.726290769818361,
            48.085665764704125
          ],
          [
            -1.726377052303273,
            48.08560241464982
          ],
          [
            -1.726466504105619,
            48.08554273056706
          ],
          [
            -1.726584727879709,
            48.08547237070546
          ],
          [
            -1.726680605059633,
            48.085420965629
          ],
          [
            -1.72678264657706,
            48.08537500196187
          ],
          [
            -1.726880887248548,
            48.08533394070197
          ],
          [
            -1.727032480411815,
            48.08527808181636
          ],
          [
            -1.7271124340815,
            48.08525165151193
          ]
        ]
      },
      "properties": {
        "id": "rm-undefined-8",
        "source": "Rennes Métropole",
        "gestionnaire": "Rennes Métropole",
        "route": "Boulevard de la Haie des Cognets, Avenue de Bellevue, Rue de la Buhotière",
        "commune": "35238 - Rennes, 35281 - Saint-Jacques-de-la-Lande",
        "type_coupure": "Circulation interdite",
        "cause": "Travaux",
        "priorite": "Moyenne",
        "statut": "Actif",
        "description": "sur réseaux ou ouvrages d'eaux usées / assainissement",
        "date_heure": "2026-02-16T00:00:00+00:00"
      }
    },
    {
      "type": "Feature",
      "geometry": {
        "type": "LineString",
        "coordinates": [
          [
            -1.728123706188863,
            48.08491979746163
          ],
          [
            -1.728210465212447,
            48.08488958101415
          ],
          [
            -1.728387247072219,
            48.08482536319974
          ],
          [
            -1.728452775837634,
            48.08480156104248
          ],
          [
            -1.728484206365959,
            48.08478865782335
          ],
          [
            -1.728664542172719,
            48.0847146099309
          ],
          [
            -1.72886821408603,
            48.08462222614254
          ]
        ]
      },
      "properties": {
        "id": "rm-undefined-9",
        "source": "Rennes Métropole",
        "gestionnaire": "Rennes Métropole",
        "route": "Boulevard de la Haie des Cognets, Avenue de Bellevue, Rue de la Buhotière",
        "commune": "35238 - Rennes, 35281 - Saint-Jacques-de-la-Lande",
        "type_coupure": "Circulation interdite",
        "cause": "Travaux",
        "priorite": "Moyenne",
        "statut": "Actif",
        "description": "sur réseaux ou ouvrages d'eaux usées / assainissement",
        "date_heure": "2026-02-16T00:00:00+00:00"
      }
    },
    {
      "type": "Feature",
      "geometry": {
        "type": "LineString",
        "coordinates": [
          [
            -1.734650373246919,
            48.081589022883556
          ],
          [
            -1.735381071296358,
            48.0811936677818
          ]
        ]
      },
      "properties": {
        "id": "rm-undefined-10",
        "source": "Rennes Métropole",
        "gestionnaire": "Rennes Métropole",
        "route": "Boulevard de la Haie des Cognets, Avenue de Bellevue, Rue de la Buhotière",
        "commune": "35238 - Rennes, 35281 - Saint-Jacques-de-la-Lande",
        "type_coupure": "Circulation interdite",
        "cause": "Travaux",
        "priorite": "Moyenne",
        "statut": "Actif",
        "description": "sur réseaux ou ouvrages d'eaux usées / assainissement",
        "date_heure": "2026-02-16T00:00:00+00:00"
      }
    },
    {
      "type": "Feature",
      "geometry": {
        "type": "LineString",
        "coordinates": [
          [
            -1.725378956704667,
            48.08669854922184
          ],
          [
            -1.725413200464182,
            48.08668637108941
          ],
          [
            -1.725446706962591,
            48.08666614388051
          ],
          [
            -1.725482985836597,
            48.08664109164476
          ],
          [
            -1.725511362180665,
            48.08661165151738
          ],
          [
            -1.725542142173791,
            48.0865733609337
          ],
          [
            -1.725647080710644,
            48.08642207251272
          ],
          [
            -1.72571765164701,
            48.086322474822865
          ],
          [
            -1.725829927317585,
            48.086171674751164
          ],
          [
            -1.725969155904514,
            48.08599034118226
          ],
          [
            -1.726018310310608,
            48.08592377120062
          ],
          [
            -1.726061788687857,
            48.08587402141525
          ]
        ]
      },
      "properties": {
        "id": "rm-undefined-11",
        "source": "Rennes Métropole",
        "gestionnaire": "Rennes Métropole",
        "route": "Boulevard de la Haie des Cognets, Avenue de Bellevue, Rue de la Buhotière",
        "commune": "35238 - Rennes, 35281 - Saint-Jacques-de-la-Lande",
        "type_coupure": "Circulation interdite",
        "cause": "Travaux",
        "priorite": "Moyenne",
        "statut": "Actif",
        "description": "sur réseaux ou ouvrages d'eaux usées / assainissement",
        "date_heure": "2026-02-16T00:00:00+00:00"
      }
    },
    {
      "type": "Feature",
      "geometry": {
        "type": "LineString",
        "coordinates": [
          [
            -1.733744258184784,
            48.077261335390276
          ],
          [
            -1.73387215172201,
            48.0771582027987
          ],
          [
            -1.733960958363259,
            48.07708658954667
          ],
          [
            -1.734105049064892,
            48.07697256791018
          ],
          [
            -1.734189443975037,
            48.076903527798954
          ],
          [
            -1.734233035905861,
            48.07686718451294
          ],
          [
            -1.734261540836842,
            48.076843418916376
          ],
          [
            -1.734302464215266,
            48.07680693684261
          ],
          [
            -1.734330821888214,
            48.07677646664311
          ],
          [
            -1.73441069448887,
            48.076681973972086
          ],
          [
            -1.734549278077454,
            48.07651254065598
          ],
          [
            -1.734641012284635,
            48.076404372905316
          ],
          [
            -1.734679087278257,
            48.07636068282405
          ],
          [
            -1.734721151614528,
            48.07631279942132
          ],
          [
            -1.734743820777846,
            48.07628585980822
          ],
          [
            -1.734771876587039,
            48.076252105610244
          ],
          [
            -1.734792753480082,
            48.076217547865774
          ],
          [
            -1.734807642471638,
            48.07618323776914
          ],
          [
            -1.734817864164479,
            48.07615168279233
          ],
          [
            -1.734825740378932,
            48.07611839428942
          ],
          [
            -1.734831950103458,
            48.076084807702635
          ],
          [
            -1.734833578598816,
            48.07604298531394
          ],
          [
            -1.734826384492854,
            48.076006288020544
          ],
          [
            -1.734796924457135,
            48.07588773122596
          ],
          [
            -1.734761174559317,
            48.075742329679976
          ],
          [
            -1.734725013351432,
            48.075584852021784
          ],
          [
            -1.734714034684715,
            48.0755377693558
          ]
        ]
      },
      "properties": {
        "id": "rm-undefined-12",
        "source": "Rennes Métropole",
        "gestionnaire": "Rennes Métropole",
        "route": "Boulevard de la Haie des Cognets, Avenue de Bellevue, Rue de la Buhotière",
        "commune": "35238 - Rennes, 35281 - Saint-Jacques-de-la-Lande",
        "type_coupure": "Circulation interdite",
        "cause": "Travaux",
        "priorite": "Moyenne",
        "statut": "Actif",
        "description": "sur réseaux ou ouvrages d'eaux usées / assainissement",
        "date_heure": "2026-02-16T00:00:00+00:00"
      }
    },
    {
      "type": "Feature",
      "geometry": {
        "type": "LineString",
        "coordinates": [
          [
            -1.727241456618996,
            48.081202250679816
          ],
          [
            -1.727478364564191,
            48.08098925781058
          ],
          [
            -1.727727335239655,
            48.080788674751226
          ],
          [
            -1.72794144595791,
            48.08062658017369
          ],
          [
            -1.728080853027994,
            48.08052235310597
          ],
          [
            -1.728210034005709,
            48.08042728294383
          ],
          [
            -1.728452096070727,
            48.08025758245063
          ],
          [
            -1.728606027968465,
            48.08015522782346
          ],
          [
            -1.728772756532482,
            48.080048815772265
          ],
          [
            -1.728931797624462,
            48.079950485645256
          ],
          [
            -1.729007575410347,
            48.079903593498216
          ],
          [
            -1.729214112336574,
            48.079783187203184
          ],
          [
            -1.729406330651525,
            48.07967325328171
          ],
          [
            -1.72958498025752,
            48.07957623451605
          ],
          [
            -1.729751582846343,
            48.07948571186043
          ],
          [
            -1.72997734014653,
            48.07936239437229
          ],
          [
            -1.730193020522018,
            48.07924408061088
          ],
          [
            -1.730422685378835,
            48.079117423956156
          ],
          [
            -1.730655497403917,
            48.07899063812599
          ],
          [
            -1.730946115289729,
            48.078833583058795
          ],
          [
            -1.731323623211455,
            48.07863023369566
          ],
          [
            -1.73152944491225,
            48.07851938336769
          ],
          [
            -1.731779108146189,
            48.07838491925408
          ]
        ]
      },
      "properties": {
        "id": "rm-undefined-13",
        "source": "Rennes Métropole",
        "gestionnaire": "Rennes Métropole",
        "route": "Boulevard de la Haie des Cognets, Avenue de Bellevue, Rue de la Buhotière",
        "commune": "35238 - Rennes, 35281 - Saint-Jacques-de-la-Lande",
        "type_coupure": "Circulation interdite",
        "cause": "Travaux",
        "priorite": "Moyenne",
        "statut": "Actif",
        "description": "sur réseaux ou ouvrages d'eaux usées / assainissement",
        "date_heure": "2026-02-16T00:00:00+00:00"
      }
    },
    {
      "type": "Feature",
      "geometry": {
        "type": "LineString",
        "coordinates": [
          [
            -1.731779108146189,
            48.07838491925408
          ],
          [
            -1.73207450377789,
            48.07821729060069
          ],
          [
            -1.733274788966827,
            48.07756204067097
          ],
          [
            -1.733506660926763,
            48.07743235132939
          ],
          [
            -1.733545967875551,
            48.0774080237928
          ],
          [
            -1.733585759764195,
            48.07737914723073
          ],
          [
            -1.733709671392336,
            48.07728922621687
          ],
          [
            -1.733744258184784,
            48.077261335390276
          ]
        ]
      },
      "properties": {
        "id": "rm-undefined-14",
        "source": "Rennes Métropole",
        "gestionnaire": "Rennes Métropole",
        "route": "Boulevard de la Haie des Cognets, Avenue de Bellevue, Rue de la Buhotière",
        "commune": "35238 - Rennes, 35281 - Saint-Jacques-de-la-Lande",
        "type_coupure": "Circulation interdite",
        "cause": "Travaux",
        "priorite": "Moyenne",
        "statut": "Actif",
        "description": "sur réseaux ou ouvrages d'eaux usées / assainissement",
        "date_heure": "2026-02-16T00:00:00+00:00"
      }
    },
    {
      "type": "Feature",
      "geometry": {
        "type": "LineString",
        "coordinates": [
          [
            -1.735381071296358,
            48.0811936677818
          ],
          [
            -1.733756401738646,
            48.07980691524843
          ],
          [
            -1.733072308617128,
            48.07922473254089
          ],
          [
            -1.732852263184832,
            48.079054957231364
          ],
          [
            -1.732467831526808,
            48.07878552982433
          ],
          [
            -1.732216326676389,
            48.07862980357066
          ],
          [
            -1.731958202196524,
            48.07847909382554
          ],
          [
            -1.731850057965894,
            48.07841948586772
          ],
          [
            -1.731779108146189,
            48.07838491925408
          ]
        ]
      },
      "properties": {
        "id": "rm-undefined-15",
        "source": "Rennes Métropole",
        "gestionnaire": "Rennes Métropole",
        "route": "Boulevard de la Haie des Cognets, Avenue de Bellevue, Rue de la Buhotière",
        "commune": "35238 - Rennes, 35281 - Saint-Jacques-de-la-Lande",
        "type_coupure": "Circulation interdite",
        "cause": "Travaux",
        "priorite": "Moyenne",
        "statut": "Actif",
        "description": "sur réseaux ou ouvrages d'eaux usées / assainissement",
        "date_heure": "2026-02-16T00:00:00+00:00"
      }
    },
    {
      "type": "Feature",
      "geometry": {
        "type": "LineString",
        "coordinates": [
          [
            -1.731779108146189,
            48.07838491925408
          ],
          [
            -1.731758066047279,
            48.07837466776134
          ],
          [
            -1.731363218410813,
            48.0781834758195
          ],
          [
            -1.731210113488857,
            48.078113037192054
          ],
          [
            -1.731069536481611,
            48.07805037464461
          ],
          [
            -1.730912416010888,
            48.07798734508197
          ],
          [
            -1.730713494093135,
            48.077913395455155
          ],
          [
            -1.730520232293925,
            48.0778469819245
          ],
          [
            -1.729462552812337,
            48.07750394904271
          ],
          [
            -1.727993241627318,
            48.077047211620744
          ]
        ]
      },
      "properties": {
        "id": "rm-undefined-16",
        "source": "Rennes Métropole",
        "gestionnaire": "Rennes Métropole",
        "route": "Boulevard de la Haie des Cognets, Avenue de Bellevue, Rue de la Buhotière",
        "commune": "35238 - Rennes, 35281 - Saint-Jacques-de-la-Lande",
        "type_coupure": "Circulation interdite",
        "cause": "Travaux",
        "priorite": "Moyenne",
        "statut": "Actif",
        "description": "sur réseaux ou ouvrages d'eaux usées / assainissement",
        "date_heure": "2026-02-16T00:00:00+00:00"
      }
    },
    {
      "type": "Feature",
      "geometry": {
        "type": "LineString",
        "coordinates": [
          [
            -1.7271124340815,
            48.08525165151193
          ],
          [
            -1.728017206311552,
            48.08495255976669
          ],
          [
            -1.728123706188863,
            48.08491979746163
          ]
        ]
      },
      "properties": {
        "id": "rm-undefined-0",
        "source": "Rennes Métropole",
        "gestionnaire": "Rennes Métropole",
        "route": "Boulevard de la Haie des Cognets, Avenue de Bellevue, Rue de la Buhotière",
        "commune": "35238 - Rennes, 35281 - Saint-Jacques-de-la-Lande",
        "type_coupure": "Rétrécissement temporaire de largeur de voie - PLATEFORMES",
        "cause": "Travaux",
        "priorite": "Moyenne",
        "statut": "Actif",
        "description": "sur réseaux ou ouvrages d'eaux usées / assainissement",
        "date_heure": "2026-02-16T00:00:00+00:00"
      }
    },
    {
      "type": "Feature",
      "geometry": {
        "type": "LineString",
        "coordinates": [
          [
            -1.730702159492693,
            48.08343898153581
          ],
          [
            -1.731367637114161,
            48.08313378109691
          ],
          [
            -1.731680202188277,
            48.08298654935699
          ],
          [
            -1.732018286075877,
            48.08283242391035
          ],
          [
            -1.732300859963284,
            48.082700445829005
          ],
          [
            -1.732827545455905,
            48.082454428628175
          ],
          [
            -1.733504688894544,
            48.08213795055688
          ],
          [
            -1.733920879994898,
            48.08194204627026
          ],
          [
            -1.734223541468798,
            48.0818010569422
          ],
          [
            -1.734595419309716,
            48.081616322051836
          ],
          [
            -1.734650373246919,
            48.081589022883556
          ]
        ]
      },
      "properties": {
        "id": "rm-undefined-1",
        "source": "Rennes Métropole",
        "gestionnaire": "Rennes Métropole",
        "route": "Boulevard de la Haie des Cognets, Avenue de Bellevue, Rue de la Buhotière",
        "commune": "35238 - Rennes, 35281 - Saint-Jacques-de-la-Lande",
        "type_coupure": "Rétrécissement temporaire de largeur de voie - PLATEFORMES",
        "cause": "Travaux",
        "priorite": "Moyenne",
        "statut": "Actif",
        "description": "sur réseaux ou ouvrages d'eaux usées / assainissement",
        "date_heure": "2026-02-16T00:00:00+00:00"
      }
    },
    {
      "type": "Feature",
      "geometry": {
        "type": "LineString",
        "coordinates": [
          [
            -1.742076527323635,
            48.07769510728574
          ],
          [
            -1.742138565626954,
            48.077661679715746
          ]
        ]
      },
      "properties": {
        "id": "rm-undefined-2",
        "source": "Rennes Métropole",
        "gestionnaire": "Rennes Métropole",
        "route": "Boulevard de la Haie des Cognets, Avenue de Bellevue, Rue de la Buhotière",
        "commune": "35238 - Rennes, 35281 - Saint-Jacques-de-la-Lande",
        "type_coupure": "Rétrécissement temporaire de largeur de voie - PLATEFORMES",
        "cause": "Travaux",
        "priorite": "Moyenne",
        "statut": "Actif",
        "description": "sur réseaux ou ouvrages d'eaux usées / assainissement",
        "date_heure": "2026-02-16T00:00:00+00:00"
      }
    },
    {
      "type": "Feature",
      "geometry": {
        "type": "LineString",
        "coordinates": [
          [
            -1.735381071296358,
            48.0811936677818
          ],
          [
            -1.735435211612431,
            48.0812694163222
          ],
          [
            -1.73564614356993,
            48.081505472703476
          ],
          [
            -1.735820893172222,
            48.08174524493231
          ]
        ]
      },
      "properties": {
        "id": "rm-undefined-3",
        "source": "Rennes Métropole",
        "gestionnaire": "Rennes Métropole",
        "route": "Boulevard de la Haie des Cognets, Avenue de Bellevue, Rue de la Buhotière",
        "commune": "35238 - Rennes, 35281 - Saint-Jacques-de-la-Lande",
        "type_coupure": "Rétrécissement temporaire de largeur de voie - PLATEFORMES",
        "cause": "Travaux",
        "priorite": "Moyenne",
        "statut": "Actif",
        "description": "sur réseaux ou ouvrages d'eaux usées / assainissement",
        "date_heure": "2026-02-16T00:00:00+00:00"
      }
    },
    {
      "type": "Feature",
      "geometry": {
        "type": "LineString",
        "coordinates": [
          [
            -1.73979667041509,
            48.078868140225254
          ],
          [
            -1.74095759142246,
            48.07826351130862
          ],
          [
            -1.741205919194564,
            48.078134091031274
          ],
          [
            -1.742027208026647,
            48.077721682192916
          ],
          [
            -1.742076527323635,
            48.07769510728574
          ]
        ]
      },
      "properties": {
        "id": "rm-undefined-4",
        "source": "Rennes Métropole",
        "gestionnaire": "Rennes Métropole",
        "route": "Boulevard de la Haie des Cognets, Avenue de Bellevue, Rue de la Buhotière",
        "commune": "35238 - Rennes, 35281 - Saint-Jacques-de-la-Lande",
        "type_coupure": "Rétrécissement temporaire de largeur de voie - PLATEFORMES",
        "cause": "Travaux",
        "priorite": "Moyenne",
        "statut": "Actif",
        "description": "sur réseaux ou ouvrages d'eaux usées / assainissement",
        "date_heure": "2026-02-16T00:00:00+00:00"
      }
    },
    {
      "type": "Feature",
      "geometry": {
        "type": "LineString",
        "coordinates": [
          [
            -1.735381071296358,
            48.0811936677818
          ],
          [
            -1.735920329350372,
            48.08091079639037
          ],
          [
            -1.736379795596187,
            48.08067366570465
          ],
          [
            -1.737432358901208,
            48.080116777221164
          ],
          [
            -1.738695763587443,
            48.07944953380763
          ],
          [
            -1.739781761206101,
            48.078876013786065
          ],
          [
            -1.73979667041509,
            48.078868140225254
          ]
        ]
      },
      "properties": {
        "id": "rm-undefined-5",
        "source": "Rennes Métropole",
        "gestionnaire": "Rennes Métropole",
        "route": "Boulevard de la Haie des Cognets, Avenue de Bellevue, Rue de la Buhotière",
        "commune": "35238 - Rennes, 35281 - Saint-Jacques-de-la-Lande",
        "type_coupure": "Rétrécissement temporaire de largeur de voie - PLATEFORMES",
        "cause": "Travaux",
        "priorite": "Moyenne",
        "statut": "Actif",
        "description": "sur réseaux ou ouvrages d'eaux usées / assainissement",
        "date_heure": "2026-02-16T00:00:00+00:00"
      }
    },
    {
      "type": "Feature",
      "geometry": {
        "type": "LineString",
        "coordinates": [
          [
            -1.72886821408603,
            48.08462222614254
          ],
          [
            -1.729052103181832,
            48.084526007197184
          ],
          [
            -1.729169364361914,
            48.08445935067911
          ],
          [
            -1.729353630673467,
            48.08433936855855
          ],
          [
            -1.72984153508338,
            48.08398708878897
          ],
          [
            -1.730042703471143,
            48.08383869769852
          ],
          [
            -1.730244174903769,
            48.083702322742866
          ],
          [
            -1.73038731019496,
            48.08361771194619
          ],
          [
            -1.730589549428218,
            48.083502299835814
          ],
          [
            -1.730681132010742,
            48.083449208875926
          ],
          [
            -1.730702159492693,
            48.08343898153581
          ]
        ]
      },
      "properties": {
        "id": "rm-undefined-6",
        "source": "Rennes Métropole",
        "gestionnaire": "Rennes Métropole",
        "route": "Boulevard de la Haie des Cognets, Avenue de Bellevue, Rue de la Buhotière",
        "commune": "35238 - Rennes, 35281 - Saint-Jacques-de-la-Lande",
        "type_coupure": "Rétrécissement temporaire de largeur de voie - PLATEFORMES",
        "cause": "Travaux",
        "priorite": "Moyenne",
        "statut": "Actif",
        "description": "sur réseaux ou ouvrages d'eaux usées / assainissement",
        "date_heure": "2026-02-16T00:00:00+00:00"
      }
    },
    {
      "type": "Feature",
      "geometry": {
        "type": "LineString",
        "coordinates": [
          [
            -1.726061788687857,
            48.08587402141525
          ],
          [
            -1.726157148223187,
            48.08591075082913
          ],
          [
            -1.726233050732309,
            48.085933923809215
          ],
          [
            -1.726353317988254,
            48.08596821577285
          ],
          [
            -1.726479977359752,
            48.08600499942906
          ],
          [
            -1.726562513436428,
            48.08602562046128
          ],
          [
            -1.726599096823628,
            48.08603229344507
          ],
          [
            -1.726633834099883,
            48.08603584429256
          ],
          [
            -1.726669784726825,
            48.08603574257097
          ],
          [
            -1.726725057624615,
            48.086033469213554
          ],
          [
            -1.726780913039278,
            48.08602635361247
          ],
          [
            -1.726839526440112,
            48.08601568138745
          ],
          [
            -1.726878753466627,
            48.086006495872404
          ]
        ]
      },
      "properties": {
        "id": "rm-undefined-7",
        "source": "Rennes Métropole",
        "gestionnaire": "Rennes Métropole",
        "route": "Boulevard de la Haie des Cognets, Avenue de Bellevue, Rue de la Buhotière",
        "commune": "35238 - Rennes, 35281 - Saint-Jacques-de-la-Lande",
        "type_coupure": "Rétrécissement temporaire de largeur de voie - PLATEFORMES",
        "cause": "Travaux",
        "priorite": "Moyenne",
        "statut": "Actif",
        "description": "sur réseaux ou ouvrages d'eaux usées / assainissement",
        "date_heure": "2026-02-16T00:00:00+00:00"
      }
    },
    {
      "type": "Feature",
      "geometry": {
        "type": "LineString",
        "coordinates": [
          [
            -1.726061788687857,
            48.08587402141525
          ],
          [
            -1.726083708597037,
            48.085848939486205
          ],
          [
            -1.726157834470263,
            48.0857765972231
          ],
          [
            -1.726222141922347,
            48.08572079493991
          ],
          [
            -1.726290769818361,
            48.085665764704125
          ],
          [
            -1.726377052303273,
            48.08560241464982
          ],
          [
            -1.726466504105619,
            48.08554273056706
          ],
          [
            -1.726584727879709,
            48.08547237070546
          ],
          [
            -1.726680605059633,
            48.085420965629
          ],
          [
            -1.72678264657706,
            48.08537500196187
          ],
          [
            -1.726880887248548,
            48.08533394070197
          ],
          [
            -1.727032480411815,
            48.08527808181636
          ],
          [
            -1.7271124340815,
            48.08525165151193
          ]
        ]
      },
      "properties": {
        "id": "rm-undefined-8",
        "source": "Rennes Métropole",
        "gestionnaire": "Rennes Métropole",
        "route": "Boulevard de la Haie des Cognets, Avenue de Bellevue, Rue de la Buhotière",
        "commune": "35238 - Rennes, 35281 - Saint-Jacques-de-la-Lande",
        "type_coupure": "Rétrécissement temporaire de largeur de voie - PLATEFORMES",
        "cause": "Travaux",
        "priorite": "Moyenne",
        "statut": "Actif",
        "description": "sur réseaux ou ouvrages d'eaux usées / assainissement",
        "date_heure": "2026-02-16T00:00:00+00:00"
      }
    },
    {
      "type": "Feature",
      "geometry": {
        "type": "LineString",
        "coordinates": [
          [
            -1.728123706188863,
            48.08491979746163
          ],
          [
            -1.728210465212447,
            48.08488958101415
          ],
          [
            -1.728387247072219,
            48.08482536319974
          ],
          [
            -1.728452775837634,
            48.08480156104248
          ],
          [
            -1.728484206365959,
            48.08478865782335
          ],
          [
            -1.728664542172719,
            48.0847146099309
          ],
          [
            -1.72886821408603,
            48.08462222614254
          ]
        ]
      },
      "properties": {
        "id": "rm-undefined-9",
        "source": "Rennes Métropole",
        "gestionnaire": "Rennes Métropole",
        "route": "Boulevard de la Haie des Cognets, Avenue de Bellevue, Rue de la Buhotière",
        "commune": "35238 - Rennes, 35281 - Saint-Jacques-de-la-Lande",
        "type_coupure": "Rétrécissement temporaire de largeur de voie - PLATEFORMES",
        "cause": "Travaux",
        "priorite": "Moyenne",
        "statut": "Actif",
        "description": "sur réseaux ou ouvrages d'eaux usées / assainissement",
        "date_heure": "2026-02-16T00:00:00+00:00"
      }
    },
    {
      "type": "Feature",
      "geometry": {
        "type": "LineString",
        "coordinates": [
          [
            -1.734650373246919,
            48.081589022883556
          ],
          [
            -1.735381071296358,
            48.0811936677818
          ]
        ]
      },
      "properties": {
        "id": "rm-undefined-10",
        "source": "Rennes Métropole",
        "gestionnaire": "Rennes Métropole",
        "route": "Boulevard de la Haie des Cognets, Avenue de Bellevue, Rue de la Buhotière",
        "commune": "35238 - Rennes, 35281 - Saint-Jacques-de-la-Lande",
        "type_coupure": "Rétrécissement temporaire de largeur de voie - PLATEFORMES",
        "cause": "Travaux",
        "priorite": "Moyenne",
        "statut": "Actif",
        "description": "sur réseaux ou ouvrages d'eaux usées / assainissement",
        "date_heure": "2026-02-16T00:00:00+00:00"
      }
    },
    {
      "type": "Feature",
      "geometry": {
        "type": "LineString",
        "coordinates": [
          [
            -1.725378956704667,
            48.08669854922184
          ],
          [
            -1.725413200464182,
            48.08668637108941
          ],
          [
            -1.725446706962591,
            48.08666614388051
          ],
          [
            -1.725482985836597,
            48.08664109164476
          ],
          [
            -1.725511362180665,
            48.08661165151738
          ],
          [
            -1.725542142173791,
            48.0865733609337
          ],
          [
            -1.725647080710644,
            48.08642207251272
          ],
          [
            -1.72571765164701,
            48.086322474822865
          ],
          [
            -1.725829927317585,
            48.086171674751164
          ],
          [
            -1.725969155904514,
            48.08599034118226
          ],
          [
            -1.726018310310608,
            48.08592377120062
          ],
          [
            -1.726061788687857,
            48.08587402141525
          ]
        ]
      },
      "properties": {
        "id": "rm-undefined-11",
        "source": "Rennes Métropole",
        "gestionnaire": "Rennes Métropole",
        "route": "Boulevard de la Haie des Cognets, Avenue de Bellevue, Rue de la Buhotière",
        "commune": "35238 - Rennes, 35281 - Saint-Jacques-de-la-Lande",
        "type_coupure": "Rétrécissement temporaire de largeur de voie - PLATEFORMES",
        "cause": "Travaux",
        "priorite": "Moyenne",
        "statut": "Actif",
        "description": "sur réseaux ou ouvrages d'eaux usées / assainissement",
        "date_heure": "2026-02-16T00:00:00+00:00"
      }
    },
    {
      "type": "Feature",
      "geometry": {
        "type": "LineString",
        "coordinates": [
          [
            -1.733744258184784,
            48.077261335390276
          ],
          [
            -1.73387215172201,
            48.0771582027987
          ],
          [
            -1.733960958363259,
            48.07708658954667
          ],
          [
            -1.734105049064892,
            48.07697256791018
          ],
          [
            -1.734189443975037,
            48.076903527798954
          ],
          [
            -1.734233035905861,
            48.07686718451294
          ],
          [
            -1.734261540836842,
            48.076843418916376
          ],
          [
            -1.734302464215266,
            48.07680693684261
          ],
          [
            -1.734330821888214,
            48.07677646664311
          ],
          [
            -1.73441069448887,
            48.076681973972086
          ],
          [
            -1.734549278077454,
            48.07651254065598
          ],
          [
            -1.734641012284635,
            48.076404372905316
          ],
          [
            -1.734679087278257,
            48.07636068282405
          ],
          [
            -1.734721151614528,
            48.07631279942132
          ],
          [
            -1.734743820777846,
            48.07628585980822
          ],
          [
            -1.734771876587039,
            48.076252105610244
          ],
          [
            -1.734792753480082,
            48.076217547865774
          ],
          [
            -1.734807642471638,
            48.07618323776914
          ],
          [
            -1.734817864164479,
            48.07615168279233
          ],
          [
            -1.734825740378932,
            48.07611839428942
          ],
          [
            -1.734831950103458,
            48.076084807702635
          ],
          [
            -1.734833578598816,
            48.07604298531394
          ],
          [
            -1.734826384492854,
            48.076006288020544
          ],
          [
            -1.734796924457135,
            48.07588773122596
          ],
          [
            -1.734761174559317,
            48.075742329679976
          ],
          [
            -1.734725013351432,
            48.075584852021784
          ],
          [
            -1.734714034684715,
            48.0755377693558
          ]
        ]
      },
      "properties": {
        "id": "rm-undefined-12",
        "source": "Rennes Métropole",
        "gestionnaire": "Rennes Métropole",
        "route": "Boulevard de la Haie des Cognets, Avenue de Bellevue, Rue de la Buhotière",
        "commune": "35238 - Rennes, 35281 - Saint-Jacques-de-la-Lande",
        "type_coupure": "Rétrécissement temporaire de largeur de voie - PLATEFORMES",
        "cause": "Travaux",
        "priorite": "Moyenne",
        "statut": "Actif",
        "description": "sur réseaux ou ouvrages d'eaux usées / assainissement",
        "date_heure": "2026-02-16T00:00:00+00:00"
      }
    },
    {
      "type": "Feature",
      "geometry": {
        "type": "LineString",
        "coordinates": [
          [
            -1.727241456618996,
            48.081202250679816
          ],
          [
            -1.727478364564191,
            48.08098925781058
          ],
          [
            -1.727727335239655,
            48.080788674751226
          ],
          [
            -1.72794144595791,
            48.08062658017369
          ],
          [
            -1.728080853027994,
            48.08052235310597
          ],
          [
            -1.728210034005709,
            48.08042728294383
          ],
          [
            -1.728452096070727,
            48.08025758245063
          ],
          [
            -1.728606027968465,
            48.08015522782346
          ],
          [
            -1.728772756532482,
            48.080048815772265
          ],
          [
            -1.728931797624462,
            48.079950485645256
          ],
          [
            -1.729007575410347,
            48.079903593498216
          ],
          [
            -1.729214112336574,
            48.079783187203184
          ],
          [
            -1.729406330651525,
            48.07967325328171
          ],
          [
            -1.72958498025752,
            48.07957623451605
          ],
          [
            -1.729751582846343,
            48.07948571186043
          ],
          [
            -1.72997734014653,
            48.07936239437229
          ],
          [
            -1.730193020522018,
            48.07924408061088
          ],
          [
            -1.730422685378835,
            48.079117423956156
          ],
          [
            -1.730655497403917,
            48.07899063812599
          ],
          [
            -1.730946115289729,
            48.078833583058795
          ],
          [
            -1.731323623211455,
            48.07863023369566
          ],
          [
            -1.73152944491225,
            48.07851938336769
          ],
          [
            -1.731779108146189,
            48.07838491925408
          ]
        ]
      },
      "properties": {
        "id": "rm-undefined-13",
        "source": "Rennes Métropole",
        "gestionnaire": "Rennes Métropole",
        "route": "Boulevard de la Haie des Cognets, Avenue de Bellevue, Rue de la Buhotière",
        "commune": "35238 - Rennes, 35281 - Saint-Jacques-de-la-Lande",
        "type_coupure": "Rétrécissement temporaire de largeur de voie - PLATEFORMES",
        "cause": "Travaux",
        "priorite": "Moyenne",
        "statut": "Actif",
        "description": "sur réseaux ou ouvrages d'eaux usées / assainissement",
        "date_heure": "2026-02-16T00:00:00+00:00"
      }
    },
    {
      "type": "Feature",
      "geometry": {
        "type": "LineString",
        "coordinates": [
          [
            -1.731779108146189,
            48.07838491925408
          ],
          [
            -1.73207450377789,
            48.07821729060069
          ],
          [
            -1.733274788966827,
            48.07756204067097
          ],
          [
            -1.733506660926763,
            48.07743235132939
          ],
          [
            -1.733545967875551,
            48.0774080237928
          ],
          [
            -1.733585759764195,
            48.07737914723073
          ],
          [
            -1.733709671392336,
            48.07728922621687
          ],
          [
            -1.733744258184784,
            48.077261335390276
          ]
        ]
      },
      "properties": {
        "id": "rm-undefined-14",
        "source": "Rennes Métropole",
        "gestionnaire": "Rennes Métropole",
        "route": "Boulevard de la Haie des Cognets, Avenue de Bellevue, Rue de la Buhotière",
        "commune": "35238 - Rennes, 35281 - Saint-Jacques-de-la-Lande",
        "type_coupure": "Rétrécissement temporaire de largeur de voie - PLATEFORMES",
        "cause": "Travaux",
        "priorite": "Moyenne",
        "statut": "Actif",
        "description": "sur réseaux ou ouvrages d'eaux usées / assainissement",
        "date_heure": "2026-02-16T00:00:00+00:00"
      }
    },
    {
      "type": "Feature",
      "geometry": {
        "type": "LineString",
        "coordinates": [
          [
            -1.735381071296358,
            48.0811936677818
          ],
          [
            -1.733756401738646,
            48.07980691524843
          ],
          [
            -1.733072308617128,
            48.07922473254089
          ],
          [
            -1.732852263184832,
            48.079054957231364
          ],
          [
            -1.732467831526808,
            48.07878552982433
          ],
          [
            -1.732216326676389,
            48.07862980357066
          ],
          [
            -1.731958202196524,
            48.07847909382554
          ],
          [
            -1.731850057965894,
            48.07841948586772
          ],
          [
            -1.731779108146189,
            48.07838491925408
          ]
        ]
      },
      "properties": {
        "id": "rm-undefined-15",
        "source": "Rennes Métropole",
        "gestionnaire": "Rennes Métropole",
        "route": "Boulevard de la Haie des Cognets, Avenue de Bellevue, Rue de la Buhotière",
        "commune": "35238 - Rennes, 35281 - Saint-Jacques-de-la-Lande",
        "type_coupure": "Rétrécissement temporaire de largeur de voie - PLATEFORMES",
        "cause": "Travaux",
        "priorite": "Moyenne",
        "statut": "Actif",
        "description": "sur réseaux ou ouvrages d'eaux usées / assainissement",
        "date_heure": "2026-02-16T00:00:00+00:00"
      }
    },
    {
      "type": "Feature",
      "geometry": {
        "type": "LineString",
        "coordinates": [
          [
            -1.731779108146189,
            48.07838491925408
          ],
          [
            -1.731758066047279,
            48.07837466776134
          ],
          [
            -1.731363218410813,
            48.0781834758195
          ],
          [
            -1.731210113488857,
            48.078113037192054
          ],
          [
            -1.731069536481611,
            48.07805037464461
          ],
          [
            -1.730912416010888,
            48.07798734508197
          ],
          [
            -1.730713494093135,
            48.077913395455155
          ],
          [
            -1.730520232293925,
            48.0778469819245
          ],
          [
            -1.729462552812337,
            48.07750394904271
          ],
          [
            -1.727993241627318,
            48.077047211620744
          ]
        ]
      },
      "properties": {
        "id": "rm-undefined-16",
        "source": "Rennes Métropole",
        "gestionnaire": "Rennes Métropole",
        "route": "Boulevard de la Haie des Cognets, Avenue de Bellevue, Rue de la Buhotière",
        "commune": "35238 - Rennes, 35281 - Saint-Jacques-de-la-Lande",
        "type_coupure": "Rétrécissement temporaire de largeur de voie - PLATEFORMES",
        "cause": "Travaux",
        "priorite": "Moyenne",
        "statut": "Actif",
        "description": "sur réseaux ou ouvrages d'eaux usées / assainissement",
        "date_heure": "2026-02-16T00:00:00+00:00"
      }
    },
    {
      "type": "Feature",
      "geometry": {
        "type": "LineString",
        "coordinates": [
          [
            -1.689768464990631,
            48.09022920421548
          ],
          [
            -1.690922384577905,
            48.09006947762868
          ]
        ]
      },
      "properties": {
        "id": "rm-undefined-0",
        "source": "Rennes Métropole",
        "gestionnaire": "Rennes Métropole",
        "route": "Boulevard Albert 1er, de l'Avenue Georges Graff jusqu'à la Rue Pierre Lefeuvre dans les deux sens",
        "commune": "35238 - Rennes",
        "type_coupure": "Interdiction de stationnement",
        "cause": "Travaux",
        "priorite": "Moyenne",
        "statut": "Actif",
        "description": "sur réseaux ou ouvrages de transport ou distribution de chaleur",
        "date_heure": "2026-07-15T00:00:00+00:00"
      }
    },
    {
      "type": "Feature",
      "geometry": {
        "type": "LineString",
        "coordinates": [
          [
            -1.652008751075159,
            48.12788982693538
          ],
          [
            -1.651870358019719,
            48.13136792383224
          ]
        ]
      },
      "properties": {
        "id": "rm-undefined-0",
        "source": "Rennes Métropole",
        "gestionnaire": "Rennes Métropole",
        "route": "Avenue des Gayeulles, de la Place Valéry Giscard d'Estaing jusqu'au 4",
        "commune": "35238 - Rennes",
        "type_coupure": "Mesure libre circulation",
        "cause": "Travaux",
        "priorite": "Moyenne",
        "statut": "Actif",
        "description": "sur réseaux ou ouvrages d'eaux usées / assainissement",
        "date_heure": "2026-08-24T00:00:00+00:00"
      }
    },
    {
      "type": "Feature",
      "geometry": {
        "type": "LineString",
        "coordinates": [
          [
            -1.689046020804187,
            48.10979979197917
          ],
          [
            -1.68918953009009,
            48.109767803430074
          ]
        ]
      },
      "properties": {
        "id": "rm-undefined-0",
        "source": "Rennes Métropole",
        "gestionnaire": "Rennes Métropole",
        "route": "à l'intersection de la Rue de la Paillette et du Mail François Mitterrand,à l'intersection de la Rue Coulabin et du Mail François Mitterrand,à l'intersection de la Rue Lenée et du Mail François Mitterrand,à l'intersection de la Rue des Polieux et du Mail François Mitterrand",
        "commune": "35238 - Rennes",
        "type_coupure": "Circulation interdite",
        "cause": "Travaux",
        "priorite": "Moyenne",
        "statut": "Actif",
        "description": "sur réseaux ou ouvrages d'eau potable",
        "date_heure": "2026-07-09T00:00:00+00:00"
      }
    },
    {
      "type": "Feature",
      "geometry": {
        "type": "LineString",
        "coordinates": [
          [
            -1.689815728809396,
            48.10963149200854
          ],
          [
            -1.68981637865537,
            48.109655489738685
          ]
        ]
      },
      "properties": {
        "id": "rm-undefined-1",
        "source": "Rennes Métropole",
        "gestionnaire": "Rennes Métropole",
        "route": "à l'intersection de la Rue de la Paillette et du Mail François Mitterrand,à l'intersection de la Rue Coulabin et du Mail François Mitterrand,à l'intersection de la Rue Lenée et du Mail François Mitterrand,à l'intersection de la Rue des Polieux et du Mail François Mitterrand",
        "commune": "35238 - Rennes",
        "type_coupure": "Circulation interdite",
        "cause": "Travaux",
        "priorite": "Moyenne",
        "statut": "Actif",
        "description": "sur réseaux ou ouvrages d'eau potable",
        "date_heure": "2026-07-09T00:00:00+00:00"
      }
    },
    {
      "type": "Feature",
      "geometry": {
        "type": "LineString",
        "coordinates": [
          [
            -1.690740700835973,
            48.10941971865951
          ],
          [
            -1.690794940691341,
            48.109407550354774
          ]
        ]
      },
      "properties": {
        "id": "rm-undefined-2",
        "source": "Rennes Métropole",
        "gestionnaire": "Rennes Métropole",
        "route": "à l'intersection de la Rue de la Paillette et du Mail François Mitterrand,à l'intersection de la Rue Coulabin et du Mail François Mitterrand,à l'intersection de la Rue Lenée et du Mail François Mitterrand,à l'intersection de la Rue des Polieux et du Mail François Mitterrand",
        "commune": "35238 - Rennes",
        "type_coupure": "Circulation interdite",
        "cause": "Travaux",
        "priorite": "Moyenne",
        "statut": "Actif",
        "description": "sur réseaux ou ouvrages d'eau potable",
        "date_heure": "2026-07-09T00:00:00+00:00"
      }
    },
    {
      "type": "Feature",
      "geometry": {
        "type": "LineString",
        "coordinates": [
          [
            -1.69182549308591,
            48.10917634770349
          ],
          [
            -1.691880127193387,
            48.10916423734249
          ]
        ]
      },
      "properties": {
        "id": "rm-undefined-3",
        "source": "Rennes Métropole",
        "gestionnaire": "Rennes Métropole",
        "route": "à l'intersection de la Rue de la Paillette et du Mail François Mitterrand,à l'intersection de la Rue Coulabin et du Mail François Mitterrand,à l'intersection de la Rue Lenée et du Mail François Mitterrand,à l'intersection de la Rue des Polieux et du Mail François Mitterrand",
        "commune": "35238 - Rennes",
        "type_coupure": "Circulation interdite",
        "cause": "Travaux",
        "priorite": "Moyenne",
        "statut": "Actif",
        "description": "sur réseaux ou ouvrages d'eau potable",
        "date_heure": "2026-07-09T00:00:00+00:00"
      }
    },
    {
      "type": "Feature",
      "geometry": {
        "type": "LineString",
        "coordinates": [
          [
            -1.689768464990631,
            48.09022920421548
          ],
          [
            -1.690922384577905,
            48.09006947762868
          ]
        ]
      },
      "properties": {
        "id": "rm-undefined-0",
        "source": "Rennes Métropole",
        "gestionnaire": "Rennes Métropole",
        "route": "Boulevard Albert 1er, de l'Avenue Georges Graff jusqu'à la Rue Pierre Lefeuvre dans les deux sens",
        "commune": "35238 - Rennes",
        "type_coupure": "Circulation interdite",
        "cause": "Travaux",
        "priorite": "Moyenne",
        "statut": "Actif",
        "description": "sur réseaux ou ouvrages de transport ou distribution de chaleur",
        "date_heure": "2026-07-15T00:00:00+00:00"
      }
    },
    {
      "type": "Feature",
      "geometry": {
        "type": "LineString",
        "coordinates": [
          [
            -1.660843077725081,
            48.102410031239906
          ],
          [
            -1.660771640329739,
            48.10236916251029
          ],
          [
            -1.660706560003562,
            48.10232377961609
          ]
        ]
      },
      "properties": {
        "id": "rm-undefined-0",
        "source": "Rennes Métropole",
        "gestionnaire": "Rennes Métropole",
        "route": "face au 137 Rue Saint-Hélier",
        "commune": "35238 - Rennes",
        "type_coupure": "Rétrécissement temporaire de largeur de voie",
        "cause": "Travaux",
        "priorite": "Moyenne",
        "statut": "Actif",
        "description": "de réfection des boucles de comptage",
        "date_heure": "2026-09-07T00:00:00+00:00"
      }
    },
    {
      "type": "Feature",
      "geometry": {
        "type": "LineString",
        "coordinates": [
          [
            -1.65704308186531,
            48.12530174995715
          ],
          [
            -1.65713925635119,
            48.12535429309183
          ]
        ]
      },
      "properties": {
        "id": "rm-undefined-0",
        "source": "Rennes Métropole",
        "gestionnaire": "Rennes Métropole",
        "route": "face au 6 Rue Gustave Charpentier",
        "commune": "35238 - Rennes",
        "type_coupure": "Rétrécissement temporaire de largeur de voie",
        "cause": "Travaux",
        "priorite": "Moyenne",
        "statut": "Actif",
        "description": "sur réseaux ou ouvrages de gaz",
        "date_heure": "2026-09-07T00:00:00+00:00"
      }
    },
    {
      "type": "Feature",
      "geometry": {
        "type": "LineString",
        "coordinates": [
          [
            -1.656621171018118,
            48.11034090076768
          ],
          [
            -1.656514779798202,
            48.11034137465297
          ]
        ]
      },
      "properties": {
        "id": "rm-undefined-0",
        "source": "Rennes Métropole",
        "gestionnaire": "Rennes Métropole",
        "route": "face au 131 Avenue Aristide Briand",
        "commune": "35238 - Rennes",
        "type_coupure": "Rétrécissement temporaire de largeur de voie",
        "cause": "Travaux",
        "priorite": "Moyenne",
        "statut": "Actif",
        "description": "sur réseaux ou ouvrages de transport ou distribution de chaleur",
        "date_heure": "2026-09-07T00:00:00+00:00"
      }
    },
    {
      "type": "Feature",
      "geometry": {
        "type": "LineString",
        "coordinates": [
          [
            -1.657954680629945,
            48.1312078622215
          ],
          [
            -1.657652107201741,
            48.131217036921726
          ]
        ]
      },
      "properties": {
        "id": "rm-undefined-0",
        "source": "Rennes Métropole",
        "gestionnaire": "Rennes Métropole",
        "route": "Rue Henry Dunant face du 23 et 25 rue d'Erlangen",
        "commune": "35238 - Rennes",
        "type_coupure": "Interdiction de stationnement",
        "cause": "Travaux",
        "priorite": "Moyenne",
        "statut": "Actif",
        "description": "sur réseaux ou ouvrages de transport ou distribution de chaleur",
        "date_heure": "2026-09-07T00:00:00+00:00"
      }
    },
    {
      "type": "Feature",
      "geometry": {
        "type": "LineString",
        "coordinates": [
          [
            -1.658162536085113,
            48.1312002651101
          ],
          [
            -1.658563840530598,
            48.13119363155866
          ]
        ]
      },
      "properties": {
        "id": "rm-undefined-1",
        "source": "Rennes Métropole",
        "gestionnaire": "Rennes Métropole",
        "route": "Rue Henry Dunant face du 23 et 25 rue d'Erlangen",
        "commune": "35238 - Rennes",
        "type_coupure": "Interdiction de stationnement",
        "cause": "Travaux",
        "priorite": "Moyenne",
        "statut": "Actif",
        "description": "sur réseaux ou ouvrages de transport ou distribution de chaleur",
        "date_heure": "2026-09-07T00:00:00+00:00"
      }
    },
    {
      "type": "Feature",
      "geometry": {
        "type": "LineString",
        "coordinates": [
          [
            -1.656557051687984,
            48.131224676151646
          ],
          [
            -1.656718380851646,
            48.13121978772902
          ]
        ]
      },
      "properties": {
        "id": "rm-undefined-2",
        "source": "Rennes Métropole",
        "gestionnaire": "Rennes Métropole",
        "route": "Rue Henry Dunant face du 23 et 25 rue d'Erlangen",
        "commune": "35238 - Rennes",
        "type_coupure": "Interdiction de stationnement",
        "cause": "Travaux",
        "priorite": "Moyenne",
        "statut": "Actif",
        "description": "sur réseaux ou ouvrages de transport ou distribution de chaleur",
        "date_heure": "2026-09-07T00:00:00+00:00"
      }
    },
    {
      "type": "Feature",
      "geometry": {
        "type": "LineString",
        "coordinates": [
          [
            -1.659106156132014,
            48.13118466487583
          ],
          [
            -1.659249835680394,
            48.131182359272884
          ]
        ]
      },
      "properties": {
        "id": "rm-undefined-3",
        "source": "Rennes Métropole",
        "gestionnaire": "Rennes Métropole",
        "route": "Rue Henry Dunant face du 23 et 25 rue d'Erlangen",
        "commune": "35238 - Rennes",
        "type_coupure": "Interdiction de stationnement",
        "cause": "Travaux",
        "priorite": "Moyenne",
        "statut": "Actif",
        "description": "sur réseaux ou ouvrages de transport ou distribution de chaleur",
        "date_heure": "2026-09-07T00:00:00+00:00"
      }
    },
    {
      "type": "Feature",
      "geometry": {
        "type": "LineString",
        "coordinates": [
          [
            -1.659634697622612,
            48.13081499654354
          ],
          [
            -1.659646233432433,
            48.13117639412964
          ],
          [
            -1.659249835680394,
            48.131182359272884
          ]
        ]
      },
      "properties": {
        "id": "rm-undefined-4",
        "source": "Rennes Métropole",
        "gestionnaire": "Rennes Métropole",
        "route": "Rue Henry Dunant face du 23 et 25 rue d'Erlangen",
        "commune": "35238 - Rennes",
        "type_coupure": "Interdiction de stationnement",
        "cause": "Travaux",
        "priorite": "Moyenne",
        "statut": "Actif",
        "description": "sur réseaux ou ouvrages de transport ou distribution de chaleur",
        "date_heure": "2026-09-07T00:00:00+00:00"
      }
    },
    {
      "type": "Feature",
      "geometry": {
        "type": "LineString",
        "coordinates": [
          [
            -1.658563840530598,
            48.13119363155866
          ],
          [
            -1.659106156132014,
            48.13118466487583
          ]
        ]
      },
      "properties": {
        "id": "rm-undefined-5",
        "source": "Rennes Métropole",
        "gestionnaire": "Rennes Métropole",
        "route": "Rue Henry Dunant face du 23 et 25 rue d'Erlangen",
        "commune": "35238 - Rennes",
        "type_coupure": "Interdiction de stationnement",
        "cause": "Travaux",
        "priorite": "Moyenne",
        "statut": "Actif",
        "description": "sur réseaux ou ouvrages de transport ou distribution de chaleur",
        "date_heure": "2026-09-07T00:00:00+00:00"
      }
    },
    {
      "type": "Feature",
      "geometry": {
        "type": "LineString",
        "coordinates": [
          [
            -1.659106156132014,
            48.13118466487583
          ],
          [
            -1.65909473128717,
            48.1309519600552
          ]
        ]
      },
      "properties": {
        "id": "rm-undefined-6",
        "source": "Rennes Métropole",
        "gestionnaire": "Rennes Métropole",
        "route": "Rue Henry Dunant face du 23 et 25 rue d'Erlangen",
        "commune": "35238 - Rennes",
        "type_coupure": "Interdiction de stationnement",
        "cause": "Travaux",
        "priorite": "Moyenne",
        "statut": "Actif",
        "description": "sur réseaux ou ouvrages de transport ou distribution de chaleur",
        "date_heure": "2026-09-07T00:00:00+00:00"
      }
    },
    {
      "type": "Feature",
      "geometry": {
        "type": "LineString",
        "coordinates": [
          [
            -1.656718380851646,
            48.13121978772902
          ],
          [
            -1.658162536085113,
            48.1312002651101
          ]
        ]
      },
      "properties": {
        "id": "rm-undefined-7",
        "source": "Rennes Métropole",
        "gestionnaire": "Rennes Métropole",
        "route": "Rue Henry Dunant face du 23 et 25 rue d'Erlangen",
        "commune": "35238 - Rennes",
        "type_coupure": "Interdiction de stationnement",
        "cause": "Travaux",
        "priorite": "Moyenne",
        "statut": "Actif",
        "description": "sur réseaux ou ouvrages de transport ou distribution de chaleur",
        "date_heure": "2026-09-07T00:00:00+00:00"
      }
    },
    {
      "type": "Feature",
      "geometry": {
        "type": "LineString",
        "coordinates": [
          [
            -1.620672279539227,
            48.123080937815395
          ],
          [
            -1.620383645663146,
            48.123238951203945
          ],
          [
            -1.620292630109375,
            48.12334960506578
          ]
        ]
      },
      "properties": {
        "id": "rm-undefined-0",
        "source": "Rennes Métropole",
        "gestionnaire": "Rennes Métropole",
        "route": "Rond-point de la Boulais",
        "commune": "35051 - Cesson-Sévigné",
        "type_coupure": "Rétrécissement temporaire de largeur de voie - PLATEFORMES",
        "cause": "Travaux",
        "priorite": "Moyenne",
        "statut": "Actif",
        "description": "sur réseaux ou ouvrages d'éclairage public",
        "date_heure": "2026-09-07T00:00:00+00:00"
      }
    },
    {
      "type": "Feature",
      "geometry": {
        "type": "LineString",
        "coordinates": [
          [
            -1.67023610059904,
            48.12708327489192
          ],
          [
            -1.670177307674545,
            48.12703852807494
          ]
        ]
      },
      "properties": {
        "id": "rm-undefined-0",
        "source": "Rennes Métropole",
        "gestionnaire": "Rennes Métropole",
        "route": "Rue de la Motte-Brûlon, de la Rue Gustave Toudouze jusqu'au 22",
        "commune": "35238 - Rennes",
        "type_coupure": "Circulation alternée",
        "cause": "Travaux",
        "priorite": "Moyenne",
        "statut": "Actif",
        "description": "modification des conditions de circulation de la rue de la Motte-Brûlon",
        "date_heure": "2026-01-19T00:00:00+00:00"
      }
    },
    {
      "type": "Feature",
      "geometry": {
        "type": "LineString",
        "coordinates": [
          [
            -1.670177307674545,
            48.12703852807494
          ],
          [
            -1.669866322835382,
            48.1268018382327
          ]
        ]
      },
      "properties": {
        "id": "rm-undefined-1",
        "source": "Rennes Métropole",
        "gestionnaire": "Rennes Métropole",
        "route": "Rue de la Motte-Brûlon, de la Rue Gustave Toudouze jusqu'au 22",
        "commune": "35238 - Rennes",
        "type_coupure": "Circulation alternée",
        "cause": "Travaux",
        "priorite": "Moyenne",
        "statut": "Actif",
        "description": "modification des conditions de circulation de la rue de la Motte-Brûlon",
        "date_heure": "2026-01-19T00:00:00+00:00"
      }
    },
    {
      "type": "Feature",
      "geometry": {
        "type": "LineString",
        "coordinates": [
          [
            -1.669866322835382,
            48.1268018382327
          ],
          [
            -1.669742289658206,
            48.1267073964217
          ],
          [
            -1.669609706654609,
            48.12660611338612
          ]
        ]
      },
      "properties": {
        "id": "rm-undefined-2",
        "source": "Rennes Métropole",
        "gestionnaire": "Rennes Métropole",
        "route": "Rue de la Motte-Brûlon, de la Rue Gustave Toudouze jusqu'au 22",
        "commune": "35238 - Rennes",
        "type_coupure": "Circulation alternée",
        "cause": "Travaux",
        "priorite": "Moyenne",
        "statut": "Actif",
        "description": "modification des conditions de circulation de la rue de la Motte-Brûlon",
        "date_heure": "2026-01-19T00:00:00+00:00"
      }
    },
    {
      "type": "Feature",
      "geometry": {
        "type": "LineString",
        "coordinates": [
          [
            -1.789255499844813,
            48.05617819539682
          ],
          [
            -1.787363630549783,
            48.05606149077576
          ],
          [
            -1.787127272026459,
            48.05600128452548
          ]
        ]
      },
      "properties": {
        "id": "rm-undefined-0",
        "source": "Rennes Métropole",
        "gestionnaire": "Rennes Métropole",
        "route": "Rue des Sablières",
        "commune": "35076 - Chavagne",
        "type_coupure": "Circulation interdite",
        "cause": "Travaux",
        "priorite": "Moyenne",
        "statut": "Actif",
        "description": "sur réseaux ou ouvrages d'eau potable",
        "date_heure": "2026-08-25T00:00:00+00:00"
      }
    },
    {
      "type": "Feature",
      "geometry": {
        "type": "LineString",
        "coordinates": [
          [
            -1.78677502014655,
            48.055900317379496
          ],
          [
            -1.786565309871716,
            48.055791661294506
          ],
          [
            -1.786382859339699,
            48.055661698089416
          ]
        ]
      },
      "properties": {
        "id": "rm-undefined-1",
        "source": "Rennes Métropole",
        "gestionnaire": "Rennes Métropole",
        "route": "Rue des Sablières",
        "commune": "35076 - Chavagne",
        "type_coupure": "Circulation interdite",
        "cause": "Travaux",
        "priorite": "Moyenne",
        "statut": "Actif",
        "description": "sur réseaux ou ouvrages d'eau potable",
        "date_heure": "2026-08-25T00:00:00+00:00"
      }
    },
    {
      "type": "Feature",
      "geometry": {
        "type": "LineString",
        "coordinates": [
          [
            -1.787127272026459,
            48.05600128452548
          ],
          [
            -1.78677502014655,
            48.055900317379496
          ]
        ]
      },
      "properties": {
        "id": "rm-undefined-2",
        "source": "Rennes Métropole",
        "gestionnaire": "Rennes Métropole",
        "route": "Rue des Sablières",
        "commune": "35076 - Chavagne",
        "type_coupure": "Circulation interdite",
        "cause": "Travaux",
        "priorite": "Moyenne",
        "statut": "Actif",
        "description": "sur réseaux ou ouvrages d'eau potable",
        "date_heure": "2026-08-25T00:00:00+00:00"
      }
    },
    {
      "type": "Feature",
      "geometry": {
        "type": "LineString",
        "coordinates": [
          [
            -1.784913714810197,
            48.054398934105365
          ],
          [
            -1.784303931968937,
            48.053964487126215
          ]
        ]
      },
      "properties": {
        "id": "rm-undefined-3",
        "source": "Rennes Métropole",
        "gestionnaire": "Rennes Métropole",
        "route": "Rue des Sablières",
        "commune": "35076 - Chavagne",
        "type_coupure": "Circulation interdite",
        "cause": "Travaux",
        "priorite": "Moyenne",
        "statut": "Actif",
        "description": "sur réseaux ou ouvrages d'eau potable",
        "date_heure": "2026-08-25T00:00:00+00:00"
      }
    },
    {
      "type": "Feature",
      "geometry": {
        "type": "LineString",
        "coordinates": [
          [
            -1.786871579468863,
            48.055783804340045
          ],
          [
            -1.786691562816446,
            48.05572810771311
          ],
          [
            -1.786382859339699,
            48.055661698089416
          ]
        ]
      },
      "properties": {
        "id": "rm-undefined-4",
        "source": "Rennes Métropole",
        "gestionnaire": "Rennes Métropole",
        "route": "Rue des Sablières",
        "commune": "35076 - Chavagne",
        "type_coupure": "Circulation interdite",
        "cause": "Travaux",
        "priorite": "Moyenne",
        "statut": "Actif",
        "description": "sur réseaux ou ouvrages d'eau potable",
        "date_heure": "2026-08-25T00:00:00+00:00"
      }
    },
    {
      "type": "Feature",
      "geometry": {
        "type": "LineString",
        "coordinates": [
          [
            -1.785285490879532,
            48.05466221764337
          ],
          [
            -1.784913714810197,
            48.054398934105365
          ]
        ]
      },
      "properties": {
        "id": "rm-undefined-5",
        "source": "Rennes Métropole",
        "gestionnaire": "Rennes Métropole",
        "route": "Rue des Sablières",
        "commune": "35076 - Chavagne",
        "type_coupure": "Circulation interdite",
        "cause": "Travaux",
        "priorite": "Moyenne",
        "statut": "Actif",
        "description": "sur réseaux ou ouvrages d'eau potable",
        "date_heure": "2026-08-25T00:00:00+00:00"
      }
    },
    {
      "type": "Feature",
      "geometry": {
        "type": "LineString",
        "coordinates": [
          [
            -1.786382859339699,
            48.055661698089416
          ],
          [
            -1.786175984543121,
            48.05545580851745
          ],
          [
            -1.785857902866677,
            48.05510066579126
          ],
          [
            -1.785704461436393,
            48.05498348246651
          ]
        ]
      },
      "properties": {
        "id": "rm-undefined-6",
        "source": "Rennes Métropole",
        "gestionnaire": "Rennes Métropole",
        "route": "Rue des Sablières",
        "commune": "35076 - Chavagne",
        "type_coupure": "Circulation interdite",
        "cause": "Travaux",
        "priorite": "Moyenne",
        "statut": "Actif",
        "description": "sur réseaux ou ouvrages d'eau potable",
        "date_heure": "2026-08-25T00:00:00+00:00"
      }
    },
    {
      "type": "Feature",
      "geometry": {
        "type": "LineString",
        "coordinates": [
          [
            -1.787127272026459,
            48.05600128452548
          ],
          [
            -1.787093426851017,
            48.05591804177485
          ],
          [
            -1.786871579468863,
            48.055783804340045
          ]
        ]
      },
      "properties": {
        "id": "rm-undefined-7",
        "source": "Rennes Métropole",
        "gestionnaire": "Rennes Métropole",
        "route": "Rue des Sablières",
        "commune": "35076 - Chavagne",
        "type_coupure": "Circulation interdite",
        "cause": "Travaux",
        "priorite": "Moyenne",
        "statut": "Actif",
        "description": "sur réseaux ou ouvrages d'eau potable",
        "date_heure": "2026-08-25T00:00:00+00:00"
      }
    },
    {
      "type": "Feature",
      "geometry": {
        "type": "LineString",
        "coordinates": [
          [
            -1.785704461436393,
            48.05498348246651
          ],
          [
            -1.785285490879532,
            48.05466221764337
          ]
        ]
      },
      "properties": {
        "id": "rm-undefined-8",
        "source": "Rennes Métropole",
        "gestionnaire": "Rennes Métropole",
        "route": "Rue des Sablières",
        "commune": "35076 - Chavagne",
        "type_coupure": "Circulation interdite",
        "cause": "Travaux",
        "priorite": "Moyenne",
        "statut": "Actif",
        "description": "sur réseaux ou ouvrages d'eau potable",
        "date_heure": "2026-08-25T00:00:00+00:00"
      }
    },
    {
      "type": "Feature",
      "geometry": {
        "type": "LineString",
        "coordinates": [
          [
            -1.834277928182175,
            48.19439468680258
          ],
          [
            -1.834527124062403,
            48.19454360217037
          ],
          [
            -1.835090069675097,
            48.19484300260071
          ],
          [
            -1.83527413117628,
            48.19490767282991
          ],
          [
            -1.835499701107883,
            48.194935083803635
          ]
        ]
      },
      "properties": {
        "id": "rm-undefined-0",
        "source": "Rennes Métropole",
        "gestionnaire": "Rennes Métropole",
        "route": "Route départementale 31section la Croix Chemin/ La Ville Michel",
        "commune": "35216 - Parthenay-de-Bretagne",
        "type_coupure": "Circulation interdite",
        "cause": "Travaux",
        "priorite": "Moyenne",
        "statut": "Actif",
        "description": "de réfection de chaussée",
        "date_heure": "2026-09-07T00:00:00+00:00"
      }
    },
    {
      "type": "Feature",
      "geometry": {
        "type": "LineString",
        "coordinates": [
          [
            -1.833688365857537,
            48.19429115469051
          ],
          [
            -1.833867410766461,
            48.194301235586444
          ],
          [
            -1.834060582621241,
            48.19433491513166
          ],
          [
            -1.834277928182175,
            48.19439468680258
          ]
        ]
      },
      "properties": {
        "id": "rm-undefined-1",
        "source": "Rennes Métropole",
        "gestionnaire": "Rennes Métropole",
        "route": "Route départementale 31section la Croix Chemin/ La Ville Michel",
        "commune": "35216 - Parthenay-de-Bretagne",
        "type_coupure": "Circulation interdite",
        "cause": "Travaux",
        "priorite": "Moyenne",
        "statut": "Actif",
        "description": "de réfection de chaussée",
        "date_heure": "2026-09-07T00:00:00+00:00"
      }
    },
    {
      "type": "Feature",
      "geometry": {
        "type": "LineString",
        "coordinates": [
          [
            -1.835499701107883,
            48.194935083803635
          ],
          [
            -1.836566660687128,
            48.19494344813209
          ],
          [
            -1.837931999979992,
            48.19496829925597
          ],
          [
            -1.838231403634519,
            48.19494901067102
          ],
          [
            -1.838478760245503,
            48.19491009876238
          ],
          [
            -1.838700821098418,
            48.194862968873025
          ]
        ]
      },
      "properties": {
        "id": "rm-undefined-2",
        "source": "Rennes Métropole",
        "gestionnaire": "Rennes Métropole",
        "route": "Route départementale 31section la Croix Chemin/ La Ville Michel",
        "commune": "35216 - Parthenay-de-Bretagne",
        "type_coupure": "Circulation interdite",
        "cause": "Travaux",
        "priorite": "Moyenne",
        "statut": "Actif",
        "description": "de réfection de chaussée",
        "date_heure": "2026-09-07T00:00:00+00:00"
      }
    },
    {
      "type": "Feature",
      "geometry": {
        "type": "LineString",
        "coordinates": [
          [
            -1.832102416514404,
            48.194452571175674
          ],
          [
            -1.832322632972112,
            48.19446519665549
          ],
          [
            -1.832782236964809,
            48.19440746414993
          ],
          [
            -1.833288107763406,
            48.19433557978553
          ],
          [
            -1.833577597623816,
            48.1943033711478
          ],
          [
            -1.833688365857537,
            48.19429115469051
          ]
        ]
      },
      "properties": {
        "id": "rm-undefined-3",
        "source": "Rennes Métropole",
        "gestionnaire": "Rennes Métropole",
        "route": "Route départementale 31section la Croix Chemin/ La Ville Michel",
        "commune": "35216 - Parthenay-de-Bretagne",
        "type_coupure": "Circulation interdite",
        "cause": "Travaux",
        "priorite": "Moyenne",
        "statut": "Actif",
        "description": "de réfection de chaussée",
        "date_heure": "2026-09-07T00:00:00+00:00"
      }
    },
    {
      "type": "Feature",
      "geometry": {
        "type": "LineString",
        "coordinates": [
          [
            -1.620672279539227,
            48.123080937815395
          ],
          [
            -1.620383645663146,
            48.123238951203945
          ],
          [
            -1.620292630109375,
            48.12334960506578
          ]
        ]
      },
      "properties": {
        "id": "rm-undefined-0",
        "source": "Rennes Métropole",
        "gestionnaire": "Rennes Métropole",
        "route": "Rond-point de la Boulais",
        "commune": "35051 - Cesson-Sévigné",
        "type_coupure": "Neutralisation de voie",
        "cause": "Travaux",
        "priorite": "Moyenne",
        "statut": "Actif",
        "description": "sur réseaux ou ouvrages d'éclairage public",
        "date_heure": "2026-09-07T00:00:00+00:00"
      }
    },
    {
      "type": "Feature",
      "geometry": {
        "type": "LineString",
        "coordinates": [
          [
            -1.620636400831611,
            48.113824844350084
          ],
          [
            -1.620413512187425,
            48.11391827230356
          ],
          [
            -1.620282124834005,
            48.11404744357095
          ]
        ]
      },
      "properties": {
        "id": "rm-undefined-0",
        "source": "Rennes Métropole",
        "gestionnaire": "Rennes Métropole",
        "route": "Rond-point du Taillis",
        "commune": "35051 - Cesson-Sévigné",
        "type_coupure": "Rétrécissement temporaire de largeur de voie - PLATEFORMES",
        "cause": "Travaux",
        "priorite": "Moyenne",
        "statut": "Actif",
        "description": "sur réseaux ou ouvrages d'éclairage public",
        "date_heure": "2026-09-07T00:00:00+00:00"
      }
    },
    {
      "type": "Feature",
      "geometry": {
        "type": "LineString",
        "coordinates": [
          [
            -1.698520412637204,
            48.08636117324124
          ],
          [
            -1.698791440962682,
            48.086152977947435
          ],
          [
            -1.698534222155535,
            48.08591287757624
          ]
        ]
      },
      "properties": {
        "id": "rm-undefined-0",
        "source": "Rennes Métropole",
        "gestionnaire": "Rennes Métropole",
        "route": "du 32 au 36 Rue Frédéric Le Guyader dans les deux sens",
        "commune": "35238 - Rennes",
        "type_coupure": "Rétrécissement temporaire de largeur de voie",
        "cause": "Travaux",
        "priorite": "Moyenne",
        "statut": "Actif",
        "description": "d'installation de chantier de construction",
        "date_heure": "2025-10-27T00:00:00+00:00"
      }
    },
    {
      "type": "Feature",
      "geometry": {
        "type": "LineString",
        "coordinates": [
          [
            -1.7085809497697,
            48.01501516647632
          ],
          [
            -1.708574839091903,
            48.01517246231556
          ],
          [
            -1.708644464848853,
            48.01547946700655
          ]
        ]
      },
      "properties": {
        "id": "rm-undefined-0",
        "source": "Rennes Métropole",
        "gestionnaire": "Rennes Métropole",
        "route": "Rue Lamennais, Rue Emile Zola, Rue François Mauriac et Rue Sarah Bernard",
        "commune": "35363 - Pont-Péan",
        "type_coupure": "Circulation interdite",
        "cause": "Travaux",
        "priorite": "Moyenne",
        "statut": "Actif",
        "description": "sur réseaux ou ouvrages d'eaux usées / assainissement",
        "date_heure": "2026-07-15T00:00:00+00:00"
      }
    },
    {
      "type": "Feature",
      "geometry": {
        "type": "LineString",
        "coordinates": [
          [
            -1.708466634254955,
            48.014407587978745
          ],
          [
            -1.708458177648402,
            48.014493255951265
          ],
          [
            -1.7085809497697,
            48.01501516647632
          ]
        ]
      },
      "properties": {
        "id": "rm-undefined-1",
        "source": "Rennes Métropole",
        "gestionnaire": "Rennes Métropole",
        "route": "Rue Lamennais, Rue Emile Zola, Rue François Mauriac et Rue Sarah Bernard",
        "commune": "35363 - Pont-Péan",
        "type_coupure": "Circulation interdite",
        "cause": "Travaux",
        "priorite": "Moyenne",
        "statut": "Actif",
        "description": "sur réseaux ou ouvrages d'eaux usées / assainissement",
        "date_heure": "2026-07-15T00:00:00+00:00"
      }
    },
    {
      "type": "Feature",
      "geometry": {
        "type": "LineString",
        "coordinates": [
          [
            -1.708770510364969,
            48.01401425726539
          ],
          [
            -1.708481444500807,
            48.01411481144986
          ],
          [
            -1.708426499433611,
            48.01413793552991
          ],
          [
            -1.708393959410801,
            48.01417927009371
          ],
          [
            -1.708386941776292,
            48.01421607833084
          ],
          [
            -1.70839810803512,
            48.014281706055705
          ],
          [
            -1.708428151126801,
            48.01435525505123
          ],
          [
            -1.708466634254955,
            48.014407587978745
          ]
        ]
      },
      "properties": {
        "id": "rm-undefined-2",
        "source": "Rennes Métropole",
        "gestionnaire": "Rennes Métropole",
        "route": "Rue Lamennais, Rue Emile Zola, Rue François Mauriac et Rue Sarah Bernard",
        "commune": "35363 - Pont-Péan",
        "type_coupure": "Circulation interdite",
        "cause": "Travaux",
        "priorite": "Moyenne",
        "statut": "Actif",
        "description": "sur réseaux ou ouvrages d'eaux usées / assainissement",
        "date_heure": "2026-07-15T00:00:00+00:00"
      }
    },
    {
      "type": "Feature",
      "geometry": {
        "type": "LineString",
        "coordinates": [
          [
            -1.708466634254955,
            48.014407587978745
          ],
          [
            -1.708818971320184,
            48.01431835102424
          ],
          [
            -1.708914093227414,
            48.014309230572415
          ]
        ]
      },
      "properties": {
        "id": "rm-undefined-3",
        "source": "Rennes Métropole",
        "gestionnaire": "Rennes Métropole",
        "route": "Rue Lamennais, Rue Emile Zola, Rue François Mauriac et Rue Sarah Bernard",
        "commune": "35363 - Pont-Péan",
        "type_coupure": "Circulation interdite",
        "cause": "Travaux",
        "priorite": "Moyenne",
        "statut": "Actif",
        "description": "sur réseaux ou ouvrages d'eaux usées / assainissement",
        "date_heure": "2026-07-15T00:00:00+00:00"
      }
    },
    {
      "type": "Feature",
      "geometry": {
        "type": "LineString",
        "coordinates": [
          [
            -1.708644464848853,
            48.01547946700655
          ],
          [
            -1.70866588982666,
            48.01557393655749
          ]
        ]
      },
      "properties": {
        "id": "rm-undefined-4",
        "source": "Rennes Métropole",
        "gestionnaire": "Rennes Métropole",
        "route": "Rue Lamennais, Rue Emile Zola, Rue François Mauriac et Rue Sarah Bernard",
        "commune": "35363 - Pont-Péan",
        "type_coupure": "Circulation interdite",
        "cause": "Travaux",
        "priorite": "Moyenne",
        "statut": "Actif",
        "description": "sur réseaux ou ouvrages d'eaux usées / assainissement",
        "date_heure": "2026-07-15T00:00:00+00:00"
      }
    },
    {
      "type": "Feature",
      "geometry": {
        "type": "LineString",
        "coordinates": [
          [
            -1.64815648086332,
            48.11432998517961
          ],
          [
            -1.648178719680676,
            48.11438576590672
          ],
          [
            -1.648292439291096,
            48.114960899405936
          ]
        ]
      },
      "properties": {
        "id": "rm-undefined-0",
        "source": "Rennes Métropole",
        "gestionnaire": "Rennes Métropole",
        "route": "du 2 au 8 Boulevard de Vitré",
        "commune": "35238 - Rennes",
        "type_coupure": "Rétrécissement temporaire de largeur de voie",
        "cause": "Travaux",
        "priorite": "Moyenne",
        "statut": "Actif",
        "description": "sur réseaux ou ouvrages électriques",
        "date_heure": "2026-07-30T00:00:00+00:00"
      }
    },
    {
      "type": "Feature",
      "geometry": {
        "type": "LineString",
        "coordinates": [
          [
            -1.64836536806625,
            48.11532972767486
          ],
          [
            -1.648349806529804,
            48.115251027581266
          ]
        ]
      },
      "properties": {
        "id": "rm-undefined-1",
        "source": "Rennes Métropole",
        "gestionnaire": "Rennes Métropole",
        "route": "du 2 au 8 Boulevard de Vitré",
        "commune": "35238 - Rennes",
        "type_coupure": "Rétrécissement temporaire de largeur de voie",
        "cause": "Travaux",
        "priorite": "Moyenne",
        "statut": "Actif",
        "description": "sur réseaux ou ouvrages électriques",
        "date_heure": "2026-07-30T00:00:00+00:00"
      }
    },
    {
      "type": "Feature",
      "geometry": {
        "type": "LineString",
        "coordinates": [
          [
            -1.647279388032272,
            48.11153766312469
          ],
          [
            -1.647016102170243,
            48.11159908057943
          ]
        ]
      },
      "properties": {
        "id": "rm-undefined-0",
        "source": "Rennes Métropole",
        "gestionnaire": "Rennes Métropole",
        "route": "Avenue François Château au niveau de l'entrée de l'Axe Est Ouest en direction du centre ville",
        "commune": "35238 - Rennes",
        "type_coupure": "Mesure libre circulation",
        "cause": "Travaux",
        "priorite": "Moyenne",
        "statut": "Actif",
        "description": "",
        "date_heure": "2026-07-31T00:00:00+00:00"
      }
    },
    {
      "type": "Feature",
      "geometry": {
        "type": "LineString",
        "coordinates": [
          [
            -1.70028250241546,
            48.08609019633845
          ],
          [
            -1.69975566972636,
            48.08528949303201
          ]
        ]
      },
      "properties": {
        "id": "rm-undefined-0",
        "source": "Rennes Métropole",
        "gestionnaire": "Rennes Métropole",
        "route": "Route du Bois Harel",
        "commune": "35238 - Rennes, 35281 - Saint-Jacques-de-la-Lande",
        "type_coupure": "Rétrécissement temporaire de largeur de voie",
        "cause": "Travaux",
        "priorite": "Moyenne",
        "statut": "Actif",
        "description": "sur réseaux ou ouvrages électriques",
        "date_heure": "2026-08-24T00:00:00+00:00"
      }
    },
    {
      "type": "Feature",
      "geometry": {
        "type": "LineString",
        "coordinates": [
          [
            -1.714086225653504,
            48.11641987940088
          ],
          [
            -1.714941983470782,
            48.1163879479993
          ],
          [
            -1.71493784492527,
            48.11624556364887
          ]
        ]
      },
      "properties": {
        "id": "rm-undefined-0",
        "source": "Rennes Métropole",
        "gestionnaire": "Rennes Métropole",
        "route": "Square de la Fée Viviane, Rue de la Motte Gaulé, Rue du Haut Champeaux, Rue de la Fée Viviane",
        "commune": "35238 - Rennes",
        "type_coupure": "Circulation interdite",
        "cause": "Travaux",
        "priorite": "Moyenne",
        "statut": "Actif",
        "description": "sur réseaux ou ouvrages d'eaux usées / assainissement",
        "date_heure": "2026-08-24T00:00:00+00:00"
      }
    },
    {
      "type": "Feature",
      "geometry": {
        "type": "LineString",
        "coordinates": [
          [
            -1.714073059012815,
            48.11714427234571
          ],
          [
            -1.713868369249498,
            48.11766818217231
          ]
        ]
      },
      "properties": {
        "id": "rm-undefined-1",
        "source": "Rennes Métropole",
        "gestionnaire": "Rennes Métropole",
        "route": "Square de la Fée Viviane, Rue de la Motte Gaulé, Rue du Haut Champeaux, Rue de la Fée Viviane",
        "commune": "35238 - Rennes",
        "type_coupure": "Circulation interdite",
        "cause": "Travaux",
        "priorite": "Moyenne",
        "statut": "Actif",
        "description": "sur réseaux ou ouvrages d'eaux usées / assainissement",
        "date_heure": "2026-08-24T00:00:00+00:00"
      }
    },
    {
      "type": "Feature",
      "geometry": {
        "type": "LineString",
        "coordinates": [
          [
            -1.714086225653504,
            48.11641987940088
          ],
          [
            -1.714103432409977,
            48.11706877660621
          ],
          [
            -1.714073059012815,
            48.11714427234571
          ]
        ]
      },
      "properties": {
        "id": "rm-undefined-2",
        "source": "Rennes Métropole",
        "gestionnaire": "Rennes Métropole",
        "route": "Square de la Fée Viviane, Rue de la Motte Gaulé, Rue du Haut Champeaux, Rue de la Fée Viviane",
        "commune": "35238 - Rennes",
        "type_coupure": "Circulation interdite",
        "cause": "Travaux",
        "priorite": "Moyenne",
        "statut": "Actif",
        "description": "sur réseaux ou ouvrages d'eaux usées / assainissement",
        "date_heure": "2026-08-24T00:00:00+00:00"
      }
    },
    {
      "type": "Feature",
      "geometry": {
        "type": "LineString",
        "coordinates": [
          [
            -1.714073813053534,
            48.116267922220146
          ],
          [
            -1.714086225653504,
            48.11641987940088
          ]
        ]
      },
      "properties": {
        "id": "rm-undefined-3",
        "source": "Rennes Métropole",
        "gestionnaire": "Rennes Métropole",
        "route": "Square de la Fée Viviane, Rue de la Motte Gaulé, Rue du Haut Champeaux, Rue de la Fée Viviane",
        "commune": "35238 - Rennes",
        "type_coupure": "Circulation interdite",
        "cause": "Travaux",
        "priorite": "Moyenne",
        "statut": "Actif",
        "description": "sur réseaux ou ouvrages d'eaux usées / assainissement",
        "date_heure": "2026-08-24T00:00:00+00:00"
      }
    },
    {
      "type": "Feature",
      "geometry": {
        "type": "LineString",
        "coordinates": [
          [
            -1.714073059012815,
            48.11714427234571
          ],
          [
            -1.714931811364214,
            48.11713024075697
          ]
        ]
      },
      "properties": {
        "id": "rm-undefined-4",
        "source": "Rennes Métropole",
        "gestionnaire": "Rennes Métropole",
        "route": "Square de la Fée Viviane, Rue de la Motte Gaulé, Rue du Haut Champeaux, Rue de la Fée Viviane",
        "commune": "35238 - Rennes",
        "type_coupure": "Circulation interdite",
        "cause": "Travaux",
        "priorite": "Moyenne",
        "statut": "Actif",
        "description": "sur réseaux ou ouvrages d'eaux usées / assainissement",
        "date_heure": "2026-08-24T00:00:00+00:00"
      }
    },
    {
      "type": "Feature",
      "geometry": {
        "type": "LineString",
        "coordinates": [
          [
            -1.714931811364214,
            48.11713024075697
          ],
          [
            -1.714920903523786,
            48.11696533615259
          ],
          [
            -1.714759380455529,
            48.11696637201026
          ]
        ]
      },
      "properties": {
        "id": "rm-undefined-5",
        "source": "Rennes Métropole",
        "gestionnaire": "Rennes Métropole",
        "route": "Square de la Fée Viviane, Rue de la Motte Gaulé, Rue du Haut Champeaux, Rue de la Fée Viviane",
        "commune": "35238 - Rennes",
        "type_coupure": "Circulation interdite",
        "cause": "Travaux",
        "priorite": "Moyenne",
        "statut": "Actif",
        "description": "sur réseaux ou ouvrages d'eaux usées / assainissement",
        "date_heure": "2026-08-24T00:00:00+00:00"
      }
    },
    {
      "type": "Feature",
      "geometry": {
        "type": "LineString",
        "coordinates": [
          [
            -1.713868369249498,
            48.11766818217231
          ],
          [
            -1.714190723253827,
            48.117711795979986
          ]
        ]
      },
      "properties": {
        "id": "rm-undefined-6",
        "source": "Rennes Métropole",
        "gestionnaire": "Rennes Métropole",
        "route": "Square de la Fée Viviane, Rue de la Motte Gaulé, Rue du Haut Champeaux, Rue de la Fée Viviane",
        "commune": "35238 - Rennes",
        "type_coupure": "Circulation interdite",
        "cause": "Travaux",
        "priorite": "Moyenne",
        "statut": "Actif",
        "description": "sur réseaux ou ouvrages d'eaux usées / assainissement",
        "date_heure": "2026-08-24T00:00:00+00:00"
      }
    },
    {
      "type": "Feature",
      "geometry": {
        "type": "LineString",
        "coordinates": [
          [
            -1.714190723253827,
            48.117711795979986
          ],
          [
            -1.71513446905677,
            48.117839477164964
          ]
        ]
      },
      "properties": {
        "id": "rm-undefined-7",
        "source": "Rennes Métropole",
        "gestionnaire": "Rennes Métropole",
        "route": "Square de la Fée Viviane, Rue de la Motte Gaulé, Rue du Haut Champeaux, Rue de la Fée Viviane",
        "commune": "35238 - Rennes",
        "type_coupure": "Circulation interdite",
        "cause": "Travaux",
        "priorite": "Moyenne",
        "statut": "Actif",
        "description": "sur réseaux ou ouvrages d'eaux usées / assainissement",
        "date_heure": "2026-08-24T00:00:00+00:00"
      }
    },
    {
      "type": "Feature",
      "geometry": {
        "type": "LineString",
        "coordinates": [
          [
            -1.744495134165776,
            48.02353898304643
          ],
          [
            -1.744483671602468,
            48.02351480073651
          ]
        ]
      },
      "properties": {
        "id": "rm-undefined-0",
        "source": "Rennes Métropole",
        "gestionnaire": "Rennes Métropole",
        "route": "à l'intersection de la Rue Huguette Gallais et de l'Avenue du Général de Gaulle",
        "commune": "35047 - Bruz",
        "type_coupure": "Mise en impasse",
        "cause": "Travaux",
        "priorite": "Moyenne",
        "statut": "Actif",
        "description": "sur réseaux ou ouvrages d'eaux usées / assainissement",
        "date_heure": "2026-08-24T00:00:00+00:00"
      }
    },
    {
      "type": "Feature",
      "geometry": {
        "type": "LineString",
        "coordinates": [
          [
            -1.656891447695571,
            48.084707434801004
          ],
          [
            -1.657564315959956,
            48.084718878524846
          ]
        ]
      },
      "properties": {
        "id": "rm-undefined-0",
        "source": "Rennes Métropole",
        "gestionnaire": "Rennes Métropole",
        "route": "Boulevard de Bulgarie, du Parc des Balkans jusqu'au Chemin de Torigné",
        "commune": "35238 - Rennes",
        "type_coupure": "Rétrécissement temporaire de largeur de voie",
        "cause": "Travaux",
        "priorite": "Moyenne",
        "statut": "Actif",
        "description": "de réaménagement de voirie",
        "date_heure": "2026-08-25T00:00:00+00:00"
      }
    },
    {
      "type": "Feature",
      "geometry": {
        "type": "LineString",
        "coordinates": [
          [
            -1.649946419785233,
            48.01976979643857
          ],
          [
            -1.649884807838218,
            48.01977275114628
          ]
        ]
      },
      "properties": {
        "id": "rm-undefined-0",
        "source": "Rennes Métropole",
        "gestionnaire": "Rennes Métropole",
        "route": "7 Rue de l'Ise",
        "commune": "35266 - Saint-Erblon",
        "type_coupure": "Rétrécissement temporaire de largeur de voie - PLATEFORMES",
        "cause": "Travaux",
        "priorite": "Moyenne",
        "statut": "Actif",
        "description": "sur voirie",
        "date_heure": "2026-08-25T00:00:00+00:00"
      }
    },
    {
      "type": "Feature",
      "geometry": {
        "type": "LineString",
        "coordinates": [
          [
            -1.697486677954298,
            47.97429719925614
          ],
          [
            -1.697518688309497,
            47.97430191798073
          ]
        ]
      },
      "properties": {
        "id": "rm-undefined-0",
        "source": "Rennes Métropole",
        "gestionnaire": "Rennes Métropole",
        "route": "6 la Lande de Villiers",
        "commune": "35139 - Laillé",
        "type_coupure": "Rétrécissement temporaire de largeur de voie - PLATEFORMES",
        "cause": "Travaux",
        "priorite": "Moyenne",
        "statut": "Actif",
        "description": "sur réseaux ou ouvrages d'eaux pluviales",
        "date_heure": "2026-08-25T00:00:00+00:00"
      }
    },
    {
      "type": "Feature",
      "geometry": {
        "type": "LineString",
        "coordinates": [
          [
            -1.587736277876259,
            48.15947396057547
          ],
          [
            -1.58792438562331,
            48.15948335618923
          ],
          [
            -1.588203598027292,
            48.159452516494795
          ]
        ]
      },
      "properties": {
        "id": "rm-undefined-0",
        "source": "Rennes Métropole",
        "gestionnaire": "Rennes Métropole",
        "route": "Rue de la Croiserie, de la Rue Nationale jusqu'à Inconnu Mode doux non dénommé",
        "commune": "35334 - Thorigné-Fouillard",
        "type_coupure": "Circulation interdite",
        "cause": "Travaux",
        "priorite": "Moyenne",
        "statut": "Actif",
        "description": "sur voirie",
        "date_heure": "2026-08-25T00:00:00+00:00"
      }
    },
    {
      "type": "Feature",
      "geometry": {
        "type": "LineString",
        "coordinates": [
          [
            -1.706572734868803,
            48.04389829815899
          ],
          [
            -1.707354433535732,
            48.04390174543437
          ],
          [
            -1.707457428574978,
            48.04386418214956
          ]
        ]
      },
      "properties": {
        "id": "rm-undefined-0",
        "source": "Rennes Métropole",
        "gestionnaire": "Rennes Métropole",
        "route": "Rue Louis Pasteur, Rue Paul Féval, Rue du Champ Dolet, Rue du Docteur Laennec.",
        "commune": "35066 - Chartres-de-Bretagne",
        "type_coupure": "Rétrécissement temporaire de largeur de voie - PLATEFORMES",
        "cause": "Travaux",
        "priorite": "Moyenne",
        "statut": "Actif",
        "description": "sur réseaux ou ouvrages de gaz",
        "date_heure": "2026-08-25T00:00:00+00:00"
      }
    },
    {
      "type": "Feature",
      "geometry": {
        "type": "LineString",
        "coordinates": [
          [
            -1.707760245355029,
            48.043188051951574
          ],
          [
            -1.70775150761587,
            48.04319398534396
          ],
          [
            -1.707743640107651,
            48.04320044354652
          ],
          [
            -1.707733816509293,
            48.0432107828192
          ],
          [
            -1.707726234917034,
            48.043221939390044
          ],
          [
            -1.707721040683198,
            48.04323369463882
          ],
          [
            -1.707718337933573,
            48.04324581992101
          ],
          [
            -1.70771817910272,
            48.04325807970011
          ],
          [
            -1.707719973787445,
            48.04326822829064
          ],
          [
            -1.707723532407415,
            48.04327816579196
          ],
          [
            -1.707728802195777,
            48.043287755596666
          ],
          [
            -1.707739718808313,
            48.04330121032695
          ],
          [
            -1.707753920923391,
            48.04331320572637
          ],
          [
            -1.707767400313782,
            48.04332148935439
          ],
          [
            -1.707782466880118,
            48.043328433741685
          ],
          [
            -1.707798828816971,
            48.04333390397077
          ],
          [
            -1.707816166064182,
            48.04333779421699
          ],
          [
            -1.707834142519561,
            48.043340029050086
          ],
          [
            -1.707849672344326,
            48.04334060252464
          ],
          [
            -1.707865191970461,
            48.04333992928159
          ],
          [
            -1.707880481757516,
            48.043338017424986
          ]
        ]
      },
      "properties": {
        "id": "rm-undefined-1",
        "source": "Rennes Métropole",
        "gestionnaire": "Rennes Métropole",
        "route": "Rue Louis Pasteur, Rue Paul Féval, Rue du Champ Dolet, Rue du Docteur Laennec.",
        "commune": "35066 - Chartres-de-Bretagne",
        "type_coupure": "Rétrécissement temporaire de largeur de voie - PLATEFORMES",
        "cause": "Travaux",
        "priorite": "Moyenne",
        "statut": "Actif",
        "description": "sur réseaux ou ouvrages de gaz",
        "date_heure": "2026-08-25T00:00:00+00:00"
      }
    },
    {
      "type": "Feature",
      "geometry": {
        "type": "LineString",
        "coordinates": [
          [
            -1.705757985665924,
            48.043926838537814
          ],
          [
            -1.706572734868803,
            48.04389829815899
          ]
        ]
      },
      "properties": {
        "id": "rm-undefined-2",
        "source": "Rennes Métropole",
        "gestionnaire": "Rennes Métropole",
        "route": "Rue Louis Pasteur, Rue Paul Féval, Rue du Champ Dolet, Rue du Docteur Laennec.",
        "commune": "35066 - Chartres-de-Bretagne",
        "type_coupure": "Rétrécissement temporaire de largeur de voie - PLATEFORMES",
        "cause": "Travaux",
        "priorite": "Moyenne",
        "statut": "Actif",
        "description": "sur réseaux ou ouvrages de gaz",
        "date_heure": "2026-08-25T00:00:00+00:00"
      }
    },
    {
      "type": "Feature",
      "geometry": {
        "type": "LineString",
        "coordinates": [
          [
            -1.707457428574978,
            48.04386418214956
          ],
          [
            -1.707650044024641,
            48.04369711839796
          ],
          [
            -1.707806583851169,
            48.04355395200329
          ],
          [
            -1.707869409124963,
            48.043463794815715
          ],
          [
            -1.707885305838227,
            48.043390927348874
          ],
          [
            -1.707880481757516,
            48.043338017424986
          ]
        ]
      },
      "properties": {
        "id": "rm-undefined-3",
        "source": "Rennes Métropole",
        "gestionnaire": "Rennes Métropole",
        "route": "Rue Louis Pasteur, Rue Paul Féval, Rue du Champ Dolet, Rue du Docteur Laennec.",
        "commune": "35066 - Chartres-de-Bretagne",
        "type_coupure": "Rétrécissement temporaire de largeur de voie - PLATEFORMES",
        "cause": "Travaux",
        "priorite": "Moyenne",
        "statut": "Actif",
        "description": "sur réseaux ou ouvrages de gaz",
        "date_heure": "2026-08-25T00:00:00+00:00"
      }
    },
    {
      "type": "Feature",
      "geometry": {
        "type": "LineString",
        "coordinates": [
          [
            -1.707880481757516,
            48.043338017424986
          ],
          [
            -1.707901655668738,
            48.0433331700043
          ],
          [
            -1.707921307368599,
            48.04332599705371
          ],
          [
            -1.707935812859498,
            48.043318534079326
          ],
          [
            -1.707948626615398,
            48.04330978970349
          ],
          [
            -1.707959502147257,
            48.043299934430195
          ],
          [
            -1.707968225886383,
            48.043289160842505
          ],
          [
            -1.707974629999056,
            48.04327767676937
          ],
          [
            -1.707978587195086,
            48.043265707300606
          ],
          [
            -1.707980021958007,
            48.04325348531536
          ],
          [
            -1.707978906201214,
            48.04324124805574
          ],
          [
            -1.707975261699751,
            48.04322923432374
          ],
          [
            -1.707969159435305,
            48.043217677299246
          ],
          [
            -1.707960716672962,
            48.04320680195659
          ],
          [
            -1.70795010064993,
            48.04319682130893
          ],
          [
            -1.707937515708054,
            48.043187927924734
          ],
          [
            -1.70792320881251,
            48.04318029550382
          ],
          [
            -1.7079074555912,
            48.043174073142005
          ],
          [
            -1.707890565280579,
            48.04316938062291
          ],
          [
            -1.707872864824315,
            48.0431663108721
          ],
          [
            -1.707854699557337,
            48.043164922720294
          ],
          [
            -1.707836422659617,
            48.04316524313799
          ],
          [
            -1.707818391058218,
            48.04316726650233
          ],
          [
            -1.70779734012076,
            48.0431719439657
          ],
          [
            -1.707777771733383,
            48.04317893956741
          ],
          [
            -1.707760245355029,
            48.043188051951574
          ]
        ]
      },
      "properties": {
        "id": "rm-undefined-4",
        "source": "Rennes Métropole",
        "gestionnaire": "Rennes Métropole",
        "route": "Rue Louis Pasteur, Rue Paul Féval, Rue du Champ Dolet, Rue du Docteur Laennec.",
        "commune": "35066 - Chartres-de-Bretagne",
        "type_coupure": "Rétrécissement temporaire de largeur de voie - PLATEFORMES",
        "cause": "Travaux",
        "priorite": "Moyenne",
        "statut": "Actif",
        "description": "sur réseaux ou ouvrages de gaz",
        "date_heure": "2026-08-25T00:00:00+00:00"
      }
    },
    {
      "type": "Feature",
      "geometry": {
        "type": "LineString",
        "coordinates": [
          [
            -1.668083873707994,
            48.06967619500482
          ],
          [
            -1.668167156159016,
            48.069674220760945
          ],
          [
            -1.66837692414827,
            48.06964551315662
          ],
          [
            -1.668498334666977,
            48.069618843052474
          ],
          [
            -1.668681875267474,
            48.06956198414498
          ],
          [
            -1.668830787621227,
            48.069480842484886
          ],
          [
            -1.668916147636872,
            48.069414140583525
          ],
          [
            -1.669049212741294,
            48.069288194147155
          ],
          [
            -1.669128962935117,
            48.06919207914629
          ],
          [
            -1.669220286170882,
            48.06915872674964
          ],
          [
            -1.669364482343008,
            48.069123225372124
          ]
        ]
      },
      "properties": {
        "id": "rm-undefined-0",
        "source": "Rennes Métropole",
        "gestionnaire": "Rennes Métropole",
        "route": "Forêts",
        "commune": "35206 - Noyal-Châtillon-sur-Seiche",
        "type_coupure": "Rétrécissement temporaire de largeur de voie - PLATEFORMES",
        "cause": "Travaux",
        "priorite": "Moyenne",
        "statut": "Actif",
        "description": "sur réseaux ou ouvrages d'eau potable",
        "date_heure": "2026-08-28T00:00:00+00:00"
      }
    },
    {
      "type": "Feature",
      "geometry": {
        "type": "LineString",
        "coordinates": [
          [
            -1.666857863442281,
            48.069774222522156
          ],
          [
            -1.667060454708417,
            48.0697359871755
          ],
          [
            -1.667333518607168,
            48.06969928488556
          ],
          [
            -1.667646971465613,
            48.069686550483965
          ],
          [
            -1.667996111674689,
            48.06967827538002
          ],
          [
            -1.668083873707994,
            48.06967619500482
          ]
        ]
      },
      "properties": {
        "id": "rm-undefined-1",
        "source": "Rennes Métropole",
        "gestionnaire": "Rennes Métropole",
        "route": "Forêts",
        "commune": "35206 - Noyal-Châtillon-sur-Seiche",
        "type_coupure": "Rétrécissement temporaire de largeur de voie - PLATEFORMES",
        "cause": "Travaux",
        "priorite": "Moyenne",
        "statut": "Actif",
        "description": "sur réseaux ou ouvrages d'eau potable",
        "date_heure": "2026-08-28T00:00:00+00:00"
      }
    },
    {
      "type": "Feature",
      "geometry": {
        "type": "LineString",
        "coordinates": [
          [
            -1.669364482343008,
            48.069123225372124
          ],
          [
            -1.669565112640453,
            48.069124951278646
          ],
          [
            -1.669788263425263,
            48.06914749812489
          ],
          [
            -1.670023077133732,
            48.06920118654362
          ],
          [
            -1.670263146301802,
            48.06928035056664
          ],
          [
            -1.6706801620547,
            48.06944045136705
          ],
          [
            -1.670981869507174,
            48.06951513113764
          ],
          [
            -1.671206014040553,
            48.06954751523785
          ],
          [
            -1.671396049634871,
            48.069561524265886
          ]
        ]
      },
      "properties": {
        "id": "rm-undefined-2",
        "source": "Rennes Métropole",
        "gestionnaire": "Rennes Métropole",
        "route": "Forêts",
        "commune": "35206 - Noyal-Châtillon-sur-Seiche",
        "type_coupure": "Rétrécissement temporaire de largeur de voie - PLATEFORMES",
        "cause": "Travaux",
        "priorite": "Moyenne",
        "statut": "Actif",
        "description": "sur réseaux ou ouvrages d'eau potable",
        "date_heure": "2026-08-28T00:00:00+00:00"
      }
    },
    {
      "type": "Feature",
      "geometry": {
        "type": "LineString",
        "coordinates": [
          [
            -1.657757679618669,
            48.085430652300154
          ],
          [
            -1.657280292219663,
            48.085422745641864
          ]
        ]
      },
      "properties": {
        "id": "rm-undefined-0",
        "source": "Rennes Métropole",
        "gestionnaire": "Rennes Métropole",
        "route": "Place de Torigné",
        "commune": "35238 - Rennes",
        "type_coupure": "Circulation interdite",
        "cause": "Travaux",
        "priorite": "Moyenne",
        "statut": "Actif",
        "description": "de réaménagement de voirie",
        "date_heure": "2026-08-31T00:00:00+00:00"
      }
    },
    {
      "type": "Feature",
      "geometry": {
        "type": "LineString",
        "coordinates": [
          [
            -1.657280292219663,
            48.085422745641864
          ],
          [
            -1.657274686198901,
            48.08564912837781
          ],
          [
            -1.6568248056021,
            48.08563528075154
          ],
          [
            -1.656828531679085,
            48.08543221004411
          ]
        ]
      },
      "properties": {
        "id": "rm-undefined-1",
        "source": "Rennes Métropole",
        "gestionnaire": "Rennes Métropole",
        "route": "Place de Torigné",
        "commune": "35238 - Rennes",
        "type_coupure": "Circulation interdite",
        "cause": "Travaux",
        "priorite": "Moyenne",
        "statut": "Actif",
        "description": "de réaménagement de voirie",
        "date_heure": "2026-08-31T00:00:00+00:00"
      }
    },
    {
      "type": "Feature",
      "geometry": {
        "type": "LineString",
        "coordinates": [
          [
            -1.657280292219663,
            48.085422745641864
          ],
          [
            -1.656828531679085,
            48.08543221004411
          ]
        ]
      },
      "properties": {
        "id": "rm-undefined-2",
        "source": "Rennes Métropole",
        "gestionnaire": "Rennes Métropole",
        "route": "Place de Torigné",
        "commune": "35238 - Rennes",
        "type_coupure": "Circulation interdite",
        "cause": "Travaux",
        "priorite": "Moyenne",
        "statut": "Actif",
        "description": "de réaménagement de voirie",
        "date_heure": "2026-08-31T00:00:00+00:00"
      }
    },
    {
      "type": "Feature",
      "geometry": {
        "type": "LineString",
        "coordinates": [
          [
            -1.656828531679085,
            48.08543221004411
          ],
          [
            -1.65676729935547,
            48.085420822020616
          ],
          [
            -1.656726583446329,
            48.08539521913533
          ],
          [
            -1.656723451785061,
            48.08536052169082
          ],
          [
            -1.656730673153707,
            48.08501502046271
          ]
        ]
      },
      "properties": {
        "id": "rm-undefined-3",
        "source": "Rennes Métropole",
        "gestionnaire": "Rennes Métropole",
        "route": "Place de Torigné",
        "commune": "35238 - Rennes",
        "type_coupure": "Circulation interdite",
        "cause": "Travaux",
        "priorite": "Moyenne",
        "statut": "Actif",
        "description": "de réaménagement de voirie",
        "date_heure": "2026-08-31T00:00:00+00:00"
      }
    },
    {
      "type": "Feature",
      "geometry": {
        "type": "LineString",
        "coordinates": [
          [
            -1.658543441711581,
            48.08473483035455
          ],
          [
            -1.65841767516917,
            48.084732587781446
          ]
        ]
      },
      "properties": {
        "id": "rm-undefined-0",
        "source": "Rennes Métropole",
        "gestionnaire": "Rennes Métropole",
        "route": "13 Boulevard de Bulgarie",
        "commune": "35238 - Rennes",
        "type_coupure": "Rétrécissement temporaire de largeur de voie",
        "cause": "Travaux",
        "priorite": "Moyenne",
        "statut": "Actif",
        "description": "sur réseaux ou ouvrages d'éclairage public",
        "date_heure": "2026-08-31T00:00:00+00:00"
      }
    },
    {
      "type": "Feature",
      "geometry": {
        "type": "LineString",
        "coordinates": [
          [
            -1.77876759940323,
            48.1454131407131
          ],
          [
            -1.778756289666879,
            48.145343637358835
          ],
          [
            -1.778753026570724,
            48.14533781108287
          ]
        ]
      },
      "properties": {
        "id": "rm-undefined-0",
        "source": "Rennes Métropole",
        "gestionnaire": "Rennes Métropole",
        "route": "16 Rue Lamennais",
        "commune": "35210 - Pacé",
        "type_coupure": "Circulation interdite",
        "cause": "Travaux",
        "priorite": "Moyenne",
        "statut": "Actif",
        "description": "sur réseaux ou ouvrages d'eaux usées / assainissement",
        "date_heure": "2026-08-31T00:00:00+00:00"
      }
    },
    {
      "type": "Feature",
      "geometry": {
        "type": "LineString",
        "coordinates": [
          [
            -1.633663784920738,
            48.17354095073662
          ],
          [
            -1.633669562652811,
            48.17349989021028
          ]
        ]
      },
      "properties": {
        "id": "rm-undefined-0",
        "source": "Rennes Métropole",
        "gestionnaire": "Rennes Métropole",
        "route": "52 Rue des Châtaigniers",
        "commune": "35024 - Betton",
        "type_coupure": "Rétrécissement temporaire de largeur de voie - PLATEFORMES",
        "cause": "Travaux",
        "priorite": "Moyenne",
        "statut": "Actif",
        "description": "de réparation sur regard cassé",
        "date_heure": "2026-08-31T00:00:00+00:00"
      }
    },
    {
      "type": "Feature",
      "geometry": {
        "type": "LineString",
        "coordinates": [
          [
            -1.579772627055901,
            47.9851958221519
          ],
          [
            -1.577509284493559,
            47.98625476994392
          ]
        ]
      },
      "properties": {
        "id": "rm-undefined-0",
        "source": "Rennes Métropole",
        "gestionnaire": "Rennes Métropole",
        "route": "Rue des Loisirs, VC2",
        "commune": "35088 - Corps-Nuds",
        "type_coupure": "Rétrécissement temporaire de largeur de voie - PLATEFORMES",
        "cause": "Travaux",
        "priorite": "Moyenne",
        "statut": "Actif",
        "description": "sur réseaux ou ouvrages électriques",
        "date_heure": "2026-08-31T00:00:00+00:00"
      }
    },
    {
      "type": "Feature",
      "geometry": {
        "type": "LineString",
        "coordinates": [
          [
            -1.701533335663219,
            48.01263097654778
          ],
          [
            -1.701773865855486,
            48.01257326196835
          ]
        ]
      },
      "properties": {
        "id": "rm-undefined-0",
        "source": "Rennes Métropole",
        "gestionnaire": "Rennes Métropole",
        "route": "Rue de Tellé",
        "commune": "35363 - Pont-Péan",
        "type_coupure": "Rétrécissement temporaire de largeur de voie - PLATEFORMES",
        "cause": "Travaux",
        "priorite": "Moyenne",
        "statut": "Actif",
        "description": "sur réseaux ou ouvrages d'eaux usées / assainissement",
        "date_heure": "2026-08-31T00:00:00+00:00"
      }
    },
    {
      "type": "Feature",
      "geometry": {
        "type": "LineString",
        "coordinates": [
          [
            -1.700588335614853,
            48.01286730928538
          ],
          [
            -1.700480665593683,
            48.01291916211853
          ],
          [
            -1.700100485162606,
            48.01300609633472
          ],
          [
            -1.699683392859669,
            48.01293539396125
          ]
        ]
      },
      "properties": {
        "id": "rm-undefined-1",
        "source": "Rennes Métropole",
        "gestionnaire": "Rennes Métropole",
        "route": "Rue de Tellé",
        "commune": "35363 - Pont-Péan",
        "type_coupure": "Rétrécissement temporaire de largeur de voie - PLATEFORMES",
        "cause": "Travaux",
        "priorite": "Moyenne",
        "statut": "Actif",
        "description": "sur réseaux ou ouvrages d'eaux usées / assainissement",
        "date_heure": "2026-08-31T00:00:00+00:00"
      }
    },
    {
      "type": "Feature",
      "geometry": {
        "type": "LineString",
        "coordinates": [
          [
            -1.69966946744768,
            48.01285560709518
          ],
          [
            -1.699738738902991,
            48.012664899263605
          ],
          [
            -1.699834066230709,
            48.01263417290167
          ]
        ]
      },
      "properties": {
        "id": "rm-undefined-2",
        "source": "Rennes Métropole",
        "gestionnaire": "Rennes Métropole",
        "route": "Rue de Tellé",
        "commune": "35363 - Pont-Péan",
        "type_coupure": "Rétrécissement temporaire de largeur de voie - PLATEFORMES",
        "cause": "Travaux",
        "priorite": "Moyenne",
        "statut": "Actif",
        "description": "sur réseaux ou ouvrages d'eaux usées / assainissement",
        "date_heure": "2026-08-31T00:00:00+00:00"
      }
    },
    {
      "type": "Feature",
      "geometry": {
        "type": "LineString",
        "coordinates": [
          [
            -1.701773865855486,
            48.01257326196835
          ],
          [
            -1.702055034148537,
            48.012510056764604
          ]
        ]
      },
      "properties": {
        "id": "rm-undefined-3",
        "source": "Rennes Métropole",
        "gestionnaire": "Rennes Métropole",
        "route": "Rue de Tellé",
        "commune": "35363 - Pont-Péan",
        "type_coupure": "Rétrécissement temporaire de largeur de voie - PLATEFORMES",
        "cause": "Travaux",
        "priorite": "Moyenne",
        "statut": "Actif",
        "description": "sur réseaux ou ouvrages d'eaux usées / assainissement",
        "date_heure": "2026-08-31T00:00:00+00:00"
      }
    },
    {
      "type": "Feature",
      "geometry": {
        "type": "LineString",
        "coordinates": [
          [
            -1.699683392859669,
            48.01293539396125
          ],
          [
            -1.69966946744768,
            48.01285560709518
          ]
        ]
      },
      "properties": {
        "id": "rm-undefined-4",
        "source": "Rennes Métropole",
        "gestionnaire": "Rennes Métropole",
        "route": "Rue de Tellé",
        "commune": "35363 - Pont-Péan",
        "type_coupure": "Rétrécissement temporaire de largeur de voie - PLATEFORMES",
        "cause": "Travaux",
        "priorite": "Moyenne",
        "statut": "Actif",
        "description": "sur réseaux ou ouvrages d'eaux usées / assainissement",
        "date_heure": "2026-08-31T00:00:00+00:00"
      }
    },
    {
      "type": "Feature",
      "geometry": {
        "type": "LineString",
        "coordinates": [
          [
            -1.700223013947507,
            48.01237805447933
          ],
          [
            -1.700588335614853,
            48.01286730928538
          ]
        ]
      },
      "properties": {
        "id": "rm-undefined-5",
        "source": "Rennes Métropole",
        "gestionnaire": "Rennes Métropole",
        "route": "Rue de Tellé",
        "commune": "35363 - Pont-Péan",
        "type_coupure": "Rétrécissement temporaire de largeur de voie - PLATEFORMES",
        "cause": "Travaux",
        "priorite": "Moyenne",
        "statut": "Actif",
        "description": "sur réseaux ou ouvrages d'eaux usées / assainissement",
        "date_heure": "2026-08-31T00:00:00+00:00"
      }
    },
    {
      "type": "Feature",
      "geometry": {
        "type": "LineString",
        "coordinates": [
          [
            -1.700588335614853,
            48.01286730928538
          ],
          [
            -1.700837694068202,
            48.01280159734431
          ],
          [
            -1.701215384563425,
            48.01270796744363
          ]
        ]
      },
      "properties": {
        "id": "rm-undefined-6",
        "source": "Rennes Métropole",
        "gestionnaire": "Rennes Métropole",
        "route": "Rue de Tellé",
        "commune": "35363 - Pont-Péan",
        "type_coupure": "Rétrécissement temporaire de largeur de voie - PLATEFORMES",
        "cause": "Travaux",
        "priorite": "Moyenne",
        "statut": "Actif",
        "description": "sur réseaux ou ouvrages d'eaux usées / assainissement",
        "date_heure": "2026-08-31T00:00:00+00:00"
      }
    },
    {
      "type": "Feature",
      "geometry": {
        "type": "LineString",
        "coordinates": [
          [
            -1.700223013947507,
            48.01237805447933
          ],
          [
            -1.7007383910435,
            48.012219730412205
          ],
          [
            -1.700820361958573,
            48.01234170299073
          ]
        ]
      },
      "properties": {
        "id": "rm-undefined-7",
        "source": "Rennes Métropole",
        "gestionnaire": "Rennes Métropole",
        "route": "Rue de Tellé",
        "commune": "35363 - Pont-Péan",
        "type_coupure": "Rétrécissement temporaire de largeur de voie - PLATEFORMES",
        "cause": "Travaux",
        "priorite": "Moyenne",
        "statut": "Actif",
        "description": "sur réseaux ou ouvrages d'eaux usées / assainissement",
        "date_heure": "2026-08-31T00:00:00+00:00"
      }
    },
    {
      "type": "Feature",
      "geometry": {
        "type": "LineString",
        "coordinates": [
          [
            -1.699882892894303,
            48.01192339267289
          ],
          [
            -1.700223013947507,
            48.01237805447933
          ]
        ]
      },
      "properties": {
        "id": "rm-undefined-8",
        "source": "Rennes Métropole",
        "gestionnaire": "Rennes Métropole",
        "route": "Rue de Tellé",
        "commune": "35363 - Pont-Péan",
        "type_coupure": "Rétrécissement temporaire de largeur de voie - PLATEFORMES",
        "cause": "Travaux",
        "priorite": "Moyenne",
        "statut": "Actif",
        "description": "sur réseaux ou ouvrages d'eaux usées / assainissement",
        "date_heure": "2026-08-31T00:00:00+00:00"
      }
    },
    {
      "type": "Feature",
      "geometry": {
        "type": "LineString",
        "coordinates": [
          [
            -1.701215384563425,
            48.01270796744363
          ],
          [
            -1.701303359469073,
            48.01268615813231
          ],
          [
            -1.701533335663219,
            48.01263097654778
          ]
        ]
      },
      "properties": {
        "id": "rm-undefined-9",
        "source": "Rennes Métropole",
        "gestionnaire": "Rennes Métropole",
        "route": "Rue de Tellé",
        "commune": "35363 - Pont-Péan",
        "type_coupure": "Rétrécissement temporaire de largeur de voie - PLATEFORMES",
        "cause": "Travaux",
        "priorite": "Moyenne",
        "statut": "Actif",
        "description": "sur réseaux ou ouvrages d'eaux usées / assainissement",
        "date_heure": "2026-08-31T00:00:00+00:00"
      }
    },
    {
      "type": "Feature",
      "geometry": {
        "type": "LineString",
        "coordinates": [
          [
            -1.699411739633751,
            48.01353054132209
          ],
          [
            -1.699639247380985,
            48.013568756338245
          ]
        ]
      },
      "properties": {
        "id": "rm-undefined-10",
        "source": "Rennes Métropole",
        "gestionnaire": "Rennes Métropole",
        "route": "Rue de Tellé",
        "commune": "35363 - Pont-Péan",
        "type_coupure": "Rétrécissement temporaire de largeur de voie - PLATEFORMES",
        "cause": "Travaux",
        "priorite": "Moyenne",
        "statut": "Actif",
        "description": "sur réseaux ou ouvrages d'eaux usées / assainissement",
        "date_heure": "2026-08-31T00:00:00+00:00"
      }
    },
    {
      "type": "Feature",
      "geometry": {
        "type": "LineString",
        "coordinates": [
          [
            -1.699683392859669,
            48.01293539396125
          ],
          [
            -1.699411739633751,
            48.01353054132209
          ]
        ]
      },
      "properties": {
        "id": "rm-undefined-11",
        "source": "Rennes Métropole",
        "gestionnaire": "Rennes Métropole",
        "route": "Rue de Tellé",
        "commune": "35363 - Pont-Péan",
        "type_coupure": "Rétrécissement temporaire de largeur de voie - PLATEFORMES",
        "cause": "Travaux",
        "priorite": "Moyenne",
        "statut": "Actif",
        "description": "sur réseaux ou ouvrages d'eaux usées / assainissement",
        "date_heure": "2026-08-31T00:00:00+00:00"
      }
    },
    {
      "type": "Feature",
      "geometry": {
        "type": "LineString",
        "coordinates": [
          [
            -1.701533335663219,
            48.01263097654778
          ],
          [
            -1.701477750603136,
            48.01253821042071
          ],
          [
            -1.70116863315402,
            48.01261375418377
          ],
          [
            -1.701215384563425,
            48.01270796744363
          ]
        ]
      },
      "properties": {
        "id": "rm-undefined-12",
        "source": "Rennes Métropole",
        "gestionnaire": "Rennes Métropole",
        "route": "Rue de Tellé",
        "commune": "35363 - Pont-Péan",
        "type_coupure": "Rétrécissement temporaire de largeur de voie - PLATEFORMES",
        "cause": "Travaux",
        "priorite": "Moyenne",
        "statut": "Actif",
        "description": "sur réseaux ou ouvrages d'eaux usées / assainissement",
        "date_heure": "2026-08-31T00:00:00+00:00"
      }
    },
    {
      "type": "Feature",
      "geometry": {
        "type": "LineString",
        "coordinates": [
          [
            -1.700588335614853,
            48.01286730928538
          ],
          [
            -1.700977931126498,
            48.01354778769079
          ],
          [
            -1.701034996085991,
            48.013649582374875
          ]
        ]
      },
      "properties": {
        "id": "rm-undefined-13",
        "source": "Rennes Métropole",
        "gestionnaire": "Rennes Métropole",
        "route": "Rue de Tellé",
        "commune": "35363 - Pont-Péan",
        "type_coupure": "Rétrécissement temporaire de largeur de voie - PLATEFORMES",
        "cause": "Travaux",
        "priorite": "Moyenne",
        "statut": "Actif",
        "description": "sur réseaux ou ouvrages d'eaux usées / assainissement",
        "date_heure": "2026-08-31T00:00:00+00:00"
      }
    },
    {
      "type": "Feature",
      "geometry": {
        "type": "LineString",
        "coordinates": [
          [
            -1.671367346702115,
            48.09550068468034
          ],
          [
            -1.671349838964499,
            48.095462209882335
          ],
          [
            -1.671304162993958,
            48.095311334251775
          ],
          [
            -1.671303281678043,
            48.095306250918966
          ]
        ]
      },
      "properties": {
        "id": "rm-undefined-0",
        "source": "Rennes Métropole",
        "gestionnaire": "Rennes Métropole",
        "route": "du 99 au 103 Rue de Châtillon",
        "commune": "35238 - Rennes",
        "type_coupure": "Rétrécissement temporaire de largeur de voie",
        "cause": "Travaux",
        "priorite": "Moyenne",
        "statut": "Actif",
        "description": "sur réseaux ou ouvrages électriques",
        "date_heure": "2026-08-31T00:00:00+00:00"
      }
    },
    {
      "type": "Feature",
      "geometry": {
        "type": "LineString",
        "coordinates": [
          [
            -1.556266591414391,
            48.04191435537232
          ],
          [
            -1.556552640985031,
            48.04197183827257
          ],
          [
            -1.556748714290847,
            48.041999062787035
          ],
          [
            -1.556902038033413,
            48.042018949957765
          ],
          [
            -1.557067506415796,
            48.042042870802064
          ],
          [
            -1.557284048859194,
            48.04210013875272
          ]
        ]
      },
      "properties": {
        "id": "rm-undefined-0",
        "source": "Rennes Métropole",
        "gestionnaire": "Rennes Métropole",
        "route": "Promenade Henri Verger",
        "commune": "35204 - Nouvoitou",
        "type_coupure": "Rétrécissement temporaire de largeur de voie - PLATEFORMES",
        "cause": "Travaux",
        "priorite": "Moyenne",
        "statut": "Actif",
        "description": "sur réseaux ou ouvrages d'eaux usées / assainissement",
        "date_heure": "2026-08-31T00:00:00+00:00"
      }
    },
    {
      "type": "Feature",
      "geometry": {
        "type": "LineString",
        "coordinates": [
          [
            -1.554467613703743,
            48.04170153798598
          ],
          [
            -1.554647978201807,
            48.04170700818104
          ],
          [
            -1.554875142354507,
            48.04172396920576
          ],
          [
            -1.555562479619939,
            48.04182204195629
          ],
          [
            -1.556266591414391,
            48.04191435537232
          ]
        ]
      },
      "properties": {
        "id": "rm-undefined-1",
        "source": "Rennes Métropole",
        "gestionnaire": "Rennes Métropole",
        "route": "Promenade Henri Verger",
        "commune": "35204 - Nouvoitou",
        "type_coupure": "Rétrécissement temporaire de largeur de voie - PLATEFORMES",
        "cause": "Travaux",
        "priorite": "Moyenne",
        "statut": "Actif",
        "description": "sur réseaux ou ouvrages d'eaux usées / assainissement",
        "date_heure": "2026-08-31T00:00:00+00:00"
      }
    },
    {
      "type": "Feature",
      "geometry": {
        "type": "LineString",
        "coordinates": [
          [
            -1.745602336382165,
            48.13200266010441
          ],
          [
            -1.745779980464099,
            48.13170246704206
          ],
          [
            -1.745907494972967,
            48.13144263958562
          ],
          [
            -1.746309153152451,
            48.130537336741526
          ]
        ]
      },
      "properties": {
        "id": "rm-undefined-0",
        "source": "Rennes Métropole",
        "gestionnaire": "Rennes Métropole",
        "route": "au droit de la Touche Thébault, Voie communale 107",
        "commune": "35353 - Vezin-le-Coquet",
        "type_coupure": "Circulation interdite",
        "cause": "Travaux",
        "priorite": "Moyenne",
        "statut": "Actif",
        "description": "sur réseaux ou ouvrages électriques",
        "date_heure": "2026-08-31T00:00:00+00:00"
      }
    },
    {
      "type": "Feature",
      "geometry": {
        "type": "LineString",
        "coordinates": [
          [
            -1.702762015229171,
            48.0084925380633
          ],
          [
            -1.703561940355364,
            48.00801445400127
          ]
        ]
      },
      "properties": {
        "id": "rm-undefined-0",
        "source": "Rennes Métropole",
        "gestionnaire": "Rennes Métropole",
        "route": "Route de Laillé",
        "commune": "35363 - Pont-Péan",
        "type_coupure": "Circulation interdite",
        "cause": "Travaux",
        "priorite": "Moyenne",
        "statut": "Actif",
        "description": "sur réseaux ou ouvrages d'eaux usées / assainissement",
        "date_heure": "2026-09-03T00:00:00+00:00"
      }
    },
    {
      "type": "Feature",
      "geometry": {
        "type": "LineString",
        "coordinates": [
          [
            -1.700564695806233,
            48.00976935105159
          ],
          [
            -1.700741712596673,
            48.00969390573161
          ],
          [
            -1.701881225902743,
            48.009030493232956
          ]
        ]
      },
      "properties": {
        "id": "rm-undefined-1",
        "source": "Rennes Métropole",
        "gestionnaire": "Rennes Métropole",
        "route": "Route de Laillé",
        "commune": "35363 - Pont-Péan",
        "type_coupure": "Circulation interdite",
        "cause": "Travaux",
        "priorite": "Moyenne",
        "statut": "Actif",
        "description": "sur réseaux ou ouvrages d'eaux usées / assainissement",
        "date_heure": "2026-09-03T00:00:00+00:00"
      }
    },
    {
      "type": "Feature",
      "geometry": {
        "type": "LineString",
        "coordinates": [
          [
            -1.706452590719017,
            48.00626036219726
          ],
          [
            -1.707570731723898,
            48.00557688445072
          ]
        ]
      },
      "properties": {
        "id": "rm-undefined-2",
        "source": "Rennes Métropole",
        "gestionnaire": "Rennes Métropole",
        "route": "Route de Laillé",
        "commune": "35363 - Pont-Péan",
        "type_coupure": "Circulation interdite",
        "cause": "Travaux",
        "priorite": "Moyenne",
        "statut": "Actif",
        "description": "sur réseaux ou ouvrages d'eaux usées / assainissement",
        "date_heure": "2026-09-03T00:00:00+00:00"
      }
    },
    {
      "type": "Feature",
      "geometry": {
        "type": "LineString",
        "coordinates": [
          [
            -1.70547443020186,
            48.00685547973896
          ],
          [
            -1.706452590719017,
            48.00626036219726
          ]
        ]
      },
      "properties": {
        "id": "rm-undefined-3",
        "source": "Rennes Métropole",
        "gestionnaire": "Rennes Métropole",
        "route": "Route de Laillé",
        "commune": "35363 - Pont-Péan",
        "type_coupure": "Circulation interdite",
        "cause": "Travaux",
        "priorite": "Moyenne",
        "statut": "Actif",
        "description": "sur réseaux ou ouvrages d'eaux usées / assainissement",
        "date_heure": "2026-09-03T00:00:00+00:00"
      }
    },
    {
      "type": "Feature",
      "geometry": {
        "type": "LineString",
        "coordinates": [
          [
            -1.705397238553179,
            48.00690901195686
          ],
          [
            -1.70547443020186,
            48.00685547973896
          ]
        ]
      },
      "properties": {
        "id": "rm-undefined-4",
        "source": "Rennes Métropole",
        "gestionnaire": "Rennes Métropole",
        "route": "Route de Laillé",
        "commune": "35363 - Pont-Péan",
        "type_coupure": "Circulation interdite",
        "cause": "Travaux",
        "priorite": "Moyenne",
        "statut": "Actif",
        "description": "sur réseaux ou ouvrages d'eaux usées / assainissement",
        "date_heure": "2026-09-03T00:00:00+00:00"
      }
    },
    {
      "type": "Feature",
      "geometry": {
        "type": "LineString",
        "coordinates": [
          [
            -1.701881225902743,
            48.009030493232956
          ],
          [
            -1.702762015229171,
            48.0084925380633
          ]
        ]
      },
      "properties": {
        "id": "rm-undefined-5",
        "source": "Rennes Métropole",
        "gestionnaire": "Rennes Métropole",
        "route": "Route de Laillé",
        "commune": "35363 - Pont-Péan",
        "type_coupure": "Circulation interdite",
        "cause": "Travaux",
        "priorite": "Moyenne",
        "statut": "Actif",
        "description": "sur réseaux ou ouvrages d'eaux usées / assainissement",
        "date_heure": "2026-09-03T00:00:00+00:00"
      }
    },
    {
      "type": "Feature",
      "geometry": {
        "type": "LineString",
        "coordinates": [
          [
            -1.703561940355364,
            48.00801445400127
          ],
          [
            -1.704883827300742,
            48.007218258895236
          ],
          [
            -1.705397238553179,
            48.00690901195686
          ]
        ]
      },
      "properties": {
        "id": "rm-undefined-6",
        "source": "Rennes Métropole",
        "gestionnaire": "Rennes Métropole",
        "route": "Route de Laillé",
        "commune": "35363 - Pont-Péan",
        "type_coupure": "Circulation interdite",
        "cause": "Travaux",
        "priorite": "Moyenne",
        "statut": "Actif",
        "description": "sur réseaux ou ouvrages d'eaux usées / assainissement",
        "date_heure": "2026-09-03T00:00:00+00:00"
      }
    },
    {
      "type": "Feature",
      "geometry": {
        "type": "LineString",
        "coordinates": [
          [
            -1.706860218394201,
            48.100446147777
          ],
          [
            -1.707187850883818,
            48.10039524670217
          ],
          [
            -1.707482339506015,
            48.100332005247644
          ]
        ]
      },
      "properties": {
        "id": "rm-undefined-0",
        "source": "Rennes Métropole",
        "gestionnaire": "Rennes Métropole",
        "route": "Rue Jules Lallemand, de la Rue Ferdinand de Lesseps jusqu'à la Rue Paul Lerebours-Pigeonnière",
        "commune": "35238 - Rennes",
        "type_coupure": "Circulation interdite",
        "cause": "Travaux",
        "priorite": "Moyenne",
        "statut": "Actif",
        "description": "de construction de bâtiment",
        "date_heure": "2024-10-09T00:00:00+00:00"
      }
    },
    {
      "type": "Feature",
      "geometry": {
        "type": "LineString",
        "coordinates": [
          [
            -1.582970539928409,
            48.131405947346146
          ],
          [
            -1.582876077689451,
            48.13209391066413
          ]
        ]
      },
      "properties": {
        "id": "rm-undefined-0",
        "source": "Rennes Métropole",
        "gestionnaire": "Rennes Métropole",
        "route": "la Lande de Tizé",
        "commune": "35051 - Cesson-Sévigné",
        "type_coupure": "Circulation interdite",
        "cause": "Travaux",
        "priorite": "Moyenne",
        "statut": "Actif",
        "description": "sur voirie",
        "date_heure": "2026-09-07T00:00:00+00:00"
      }
    },
    {
      "type": "Feature",
      "geometry": {
        "type": "LineString",
        "coordinates": [
          [
            -1.686127325125332,
            48.11008982969746
          ],
          [
            -1.68587236741525,
            48.110101472072195
          ]
        ]
      },
      "properties": {
        "id": "rm-undefined-0",
        "source": "Rennes Métropole",
        "gestionnaire": "Rennes Métropole",
        "route": "Pont de Bretagne sur les voies bus",
        "commune": "35238 - Rennes",
        "type_coupure": "Circulation alternée",
        "cause": "Travaux",
        "priorite": "Moyenne",
        "statut": "Actif",
        "description": "sur réseaux ou ouvrages électriques",
        "date_heure": "2026-09-07T00:00:00+00:00"
      }
    },
    {
      "type": "Feature",
      "geometry": {
        "type": "LineString",
        "coordinates": [
          [
            -1.617356912962469,
            48.09132282102688
          ],
          [
            -1.617369164526993,
            48.091283612481966
          ]
        ]
      },
      "properties": {
        "id": "rm-undefined-0",
        "source": "Rennes Métropole",
        "gestionnaire": "Rennes Métropole",
        "route": "du 11 Rue d'Artois",
        "commune": "35055 - Chantepie",
        "type_coupure": "Rétrécissement temporaire de largeur de voie - PLATEFORMES",
        "cause": "Travaux",
        "priorite": "Moyenne",
        "statut": "Actif",
        "description": "de suppression de branchement gaz",
        "date_heure": "2026-09-07T00:00:00+00:00"
      }
    },
    {
      "type": "Feature",
      "geometry": {
        "type": "LineString",
        "coordinates": [
          [
            -1.688699053800515,
            48.103241520985975
          ],
          [
            -1.688618302148587,
            48.10324166024622
          ]
        ]
      },
      "properties": {
        "id": "rm-undefined-0",
        "source": "Rennes Métropole",
        "gestionnaire": "Rennes Métropole",
        "route": "à l'intersection du Boulevard Saint-Conwoïon et de la Rue Postuminus",
        "commune": "35238 - Rennes",
        "type_coupure": "Rétrécissement temporaire de largeur de voie",
        "cause": "Travaux",
        "priorite": "Moyenne",
        "statut": "Actif",
        "description": "sur réseaux ou ouvrages d'eau potable",
        "date_heure": "2026-09-07T00:00:00+00:00"
      }
    },
    {
      "type": "Feature",
      "geometry": {
        "type": "LineString",
        "coordinates": [
          [
            -1.610882411772283,
            48.12771524046161
          ],
          [
            -1.610502378274098,
            48.12779241954809
          ]
        ]
      },
      "properties": {
        "id": "rm-undefined-0",
        "source": "Rennes Métropole",
        "gestionnaire": "Rennes Métropole",
        "route": "Boulevard Saint-Roch",
        "commune": "35051 - Cesson-Sévigné",
        "type_coupure": "Rétrécissement temporaire de largeur de voie - PLATEFORMES",
        "cause": "Travaux",
        "priorite": "Moyenne",
        "statut": "Actif",
        "description": "de raccordement au réseau électrique",
        "date_heure": "2026-09-07T00:00:00+00:00"
      }
    },
    {
      "type": "Feature",
      "geometry": {
        "type": "LineString",
        "coordinates": [
          [
            -1.676360272540268,
            48.10971453908447
          ],
          [
            -1.676351865195856,
            48.10966449324424
          ]
        ]
      },
      "properties": {
        "id": "rm-undefined-0",
        "source": "Rennes Métropole",
        "gestionnaire": "Rennes Métropole",
        "route": "face au 4 Rue Capitaine Alfred Dreyfus,3 Rue Toullier",
        "commune": "35238 - Rennes",
        "type_coupure": "Rétrécissement temporaire de largeur de voie",
        "cause": "Travaux",
        "priorite": "Moyenne",
        "statut": "Actif",
        "description": "sur réseaux ou ouvrages électriques",
        "date_heure": "2026-09-07T00:00:00+00:00"
      }
    },
    {
      "type": "Feature",
      "geometry": {
        "type": "LineString",
        "coordinates": [
          [
            -1.676069862194954,
            48.10936888486402
          ],
          [
            -1.676038383584142,
            48.10936923697293
          ]
        ]
      },
      "properties": {
        "id": "rm-undefined-1",
        "source": "Rennes Métropole",
        "gestionnaire": "Rennes Métropole",
        "route": "face au 4 Rue Capitaine Alfred Dreyfus,3 Rue Toullier",
        "commune": "35238 - Rennes",
        "type_coupure": "Rétrécissement temporaire de largeur de voie",
        "cause": "Travaux",
        "priorite": "Moyenne",
        "statut": "Actif",
        "description": "sur réseaux ou ouvrages électriques",
        "date_heure": "2026-09-07T00:00:00+00:00"
      }
    },
    {
      "type": "Feature",
      "geometry": {
        "type": "LineString",
        "coordinates": [
          [
            -1.681648715213471,
            48.09148925317668
          ],
          [
            -1.681243648997242,
            48.09146159881586
          ]
        ]
      },
      "properties": {
        "id": "rm-undefined-0",
        "source": "Rennes Métropole",
        "gestionnaire": "Rennes Métropole",
        "route": "Square Sarah Bernhardt accès par Charles Dullin",
        "commune": "35238 - Rennes",
        "type_coupure": "Circulation interdite",
        "cause": "Travaux",
        "priorite": "Moyenne",
        "statut": "Actif",
        "description": "sur réseaux ou ouvrages de transport ou distribution de chaleur",
        "date_heure": "2026-09-07T00:00:00+00:00"
      }
    },
    {
      "type": "Feature",
      "geometry": {
        "type": "LineString",
        "coordinates": [
          [
            -1.681131155597947,
            48.09145509719791
          ],
          [
            -1.681243648997242,
            48.09146159881586
          ]
        ]
      },
      "properties": {
        "id": "rm-undefined-1",
        "source": "Rennes Métropole",
        "gestionnaire": "Rennes Métropole",
        "route": "Square Sarah Bernhardt accès par Charles Dullin",
        "commune": "35238 - Rennes",
        "type_coupure": "Circulation interdite",
        "cause": "Travaux",
        "priorite": "Moyenne",
        "statut": "Actif",
        "description": "sur réseaux ou ouvrages de transport ou distribution de chaleur",
        "date_heure": "2026-09-07T00:00:00+00:00"
      }
    },
    {
      "type": "Feature",
      "geometry": {
        "type": "LineString",
        "coordinates": [
          [
            -1.682008368976528,
            48.0918582834434
          ],
          [
            -1.681921847782258,
            48.09180066681254
          ],
          [
            -1.681644807211059,
            48.09178258986803
          ],
          [
            -1.681607560115939,
            48.09176197466525
          ],
          [
            -1.681648715213471,
            48.09148925317668
          ]
        ]
      },
      "properties": {
        "id": "rm-undefined-2",
        "source": "Rennes Métropole",
        "gestionnaire": "Rennes Métropole",
        "route": "Square Sarah Bernhardt accès par Charles Dullin",
        "commune": "35238 - Rennes",
        "type_coupure": "Circulation interdite",
        "cause": "Travaux",
        "priorite": "Moyenne",
        "statut": "Actif",
        "description": "sur réseaux ou ouvrages de transport ou distribution de chaleur",
        "date_heure": "2026-09-07T00:00:00+00:00"
      }
    },
    {
      "type": "Feature",
      "geometry": {
        "type": "LineString",
        "coordinates": [
          [
            -1.680363462664681,
            48.09141094073254
          ],
          [
            -1.680546391016419,
            48.09142142301411
          ]
        ]
      },
      "properties": {
        "id": "rm-undefined-3",
        "source": "Rennes Métropole",
        "gestionnaire": "Rennes Métropole",
        "route": "Square Sarah Bernhardt accès par Charles Dullin",
        "commune": "35238 - Rennes",
        "type_coupure": "Circulation interdite",
        "cause": "Travaux",
        "priorite": "Moyenne",
        "statut": "Actif",
        "description": "sur réseaux ou ouvrages de transport ou distribution de chaleur",
        "date_heure": "2026-09-07T00:00:00+00:00"
      }
    },
    {
      "type": "Feature",
      "geometry": {
        "type": "LineString",
        "coordinates": [
          [
            -1.680546391016419,
            48.09142142301411
          ],
          [
            -1.680732100635058,
            48.09143224318369
          ]
        ]
      },
      "properties": {
        "id": "rm-undefined-4",
        "source": "Rennes Métropole",
        "gestionnaire": "Rennes Métropole",
        "route": "Square Sarah Bernhardt accès par Charles Dullin",
        "commune": "35238 - Rennes",
        "type_coupure": "Circulation interdite",
        "cause": "Travaux",
        "priorite": "Moyenne",
        "statut": "Actif",
        "description": "sur réseaux ou ouvrages de transport ou distribution de chaleur",
        "date_heure": "2026-09-07T00:00:00+00:00"
      }
    },
    {
      "type": "Feature",
      "geometry": {
        "type": "LineString",
        "coordinates": [
          [
            -1.680732100635058,
            48.09143224318369
          ],
          [
            -1.681131155597947,
            48.09145509719791
          ]
        ]
      },
      "properties": {
        "id": "rm-undefined-5",
        "source": "Rennes Métropole",
        "gestionnaire": "Rennes Métropole",
        "route": "Square Sarah Bernhardt accès par Charles Dullin",
        "commune": "35238 - Rennes",
        "type_coupure": "Circulation interdite",
        "cause": "Travaux",
        "priorite": "Moyenne",
        "statut": "Actif",
        "description": "sur réseaux ou ouvrages de transport ou distribution de chaleur",
        "date_heure": "2026-09-07T00:00:00+00:00"
      }
    },
    {
      "type": "Feature",
      "geometry": {
        "type": "LineString",
        "coordinates": [
          [
            -1.681648715213471,
            48.09148925317668
          ],
          [
            -1.681691697485722,
            48.09118924456551
          ],
          [
            -1.681285307034826,
            48.09116623989668
          ],
          [
            -1.681243648997242,
            48.09146159881586
          ]
        ]
      },
      "properties": {
        "id": "rm-undefined-6",
        "source": "Rennes Métropole",
        "gestionnaire": "Rennes Métropole",
        "route": "Square Sarah Bernhardt accès par Charles Dullin",
        "commune": "35238 - Rennes",
        "type_coupure": "Circulation interdite",
        "cause": "Travaux",
        "priorite": "Moyenne",
        "statut": "Actif",
        "description": "sur réseaux ou ouvrages de transport ou distribution de chaleur",
        "date_heure": "2026-09-07T00:00:00+00:00"
      }
    },
    {
      "type": "Feature",
      "geometry": {
        "type": "LineString",
        "coordinates": [
          [
            -1.656552228369818,
            48.11519951980767
          ],
          [
            -1.656426438616462,
            48.11535386223909
          ]
        ]
      },
      "properties": {
        "id": "rm-undefined-0",
        "source": "Rennes Métropole",
        "gestionnaire": "Rennes Métropole",
        "route": "face au 10 Rue Danton",
        "commune": "35238 - Rennes",
        "type_coupure": "Mesure libre stationnement",
        "cause": "Travaux",
        "priorite": "Moyenne",
        "statut": "Actif",
        "description": "d'expérimentation d'un contre sens cyclable rue Danton",
        "date_heure": "2026-08-24T00:00:00+00:00"
      }
    },
    {
      "type": "Feature",
      "geometry": {
        "type": "LineString",
        "coordinates": [
          [
            -1.689743246829711,
            48.0917384753826
          ],
          [
            -1.689928770858385,
            48.09019271559736
          ]
        ]
      },
      "properties": {
        "id": "rm-undefined-0",
        "source": "Rennes Métropole",
        "gestionnaire": "Rennes Métropole",
        "route": "Rue Pierre Lefeuvre, de la Rue Robin Foucquet jusqu'au Boulevard Albert 1er dans les deux sens",
        "commune": "35238 - Rennes",
        "type_coupure": "Interdiction de stationnement",
        "cause": "Travaux",
        "priorite": "Moyenne",
        "statut": "Actif",
        "description": "sur réseaux ou ouvrages de transport ou distribution de chaleur",
        "date_heure": "2026-07-15T00:00:00+00:00"
      }
    },
    {
      "type": "Feature",
      "geometry": {
        "type": "LineString",
        "coordinates": [
          [
            -1.650635357778038,
            48.08522297072603
          ],
          [
            -1.65069516456981,
            48.08467428272835
          ]
        ]
      },
      "properties": {
        "id": "rm-undefined-0",
        "source": "Rennes Métropole",
        "gestionnaire": "Rennes Métropole",
        "route": "du 13 au 15 Avenue de Pologne",
        "commune": "35238 - Rennes",
        "type_coupure": "Interdiction de stationnement",
        "cause": "Travaux",
        "priorite": "Moyenne",
        "statut": "Actif",
        "description": "de declassement",
        "date_heure": "2026-01-19T00:00:00+00:00"
      }
    },
    {
      "type": "Feature",
      "geometry": {
        "type": "LineString",
        "coordinates": [
          [
            -1.587736277876259,
            48.15947396057547
          ],
          [
            -1.58792438562331,
            48.15948335618923
          ],
          [
            -1.588203598027292,
            48.159452516494795
          ]
        ]
      },
      "properties": {
        "id": "rm-undefined-0",
        "source": "Rennes Métropole",
        "gestionnaire": "Rennes Métropole",
        "route": "Rue de la Croiserie, de la Rue Nationale jusqu'à Inconnu Mode doux non dénommé",
        "commune": "35334 - Thorigné-Fouillard",
        "type_coupure": "Interdiction de stationnement",
        "cause": "Travaux",
        "priorite": "Moyenne",
        "statut": "Actif",
        "description": "sur voirie",
        "date_heure": "2026-08-25T00:00:00+00:00"
      }
    }
  ],
  "metadata": {
    "generated": "2026-09-08T06:20:13.249Z",
    "source": "Fusion Grist 35 + CD44 + Rennes Métropole",
    "total_count": 321,
    "sources": {
      "grist_35": 0,
      "cd44": 49,
      "rennes_metropole": 100
    }
  }
}